system,DODBLYP/def2-QZVP/ORCA
S22x5/01-A,-467.0342025186
S22x5/01-B,-453.8893563944
S22x5/01-0.9,-920.9425848466
S22x5/01-1.0,-920.9455552016
S22x5/01-1.2,-920.9419673973
S22x5/01-1.5,-920.9338148104
S22x5/01-2.0,-920.9270445828
S22x5/02-A,-467.0339523283
S22x5/02-B,-453.8904846855
S22x5/02-0.9,-920.9194646016
S22x5/02-1.0,-920.9319697552
S22x5/02-1.2,-920.9320165376
S22x5/02-1.5,-920.9277776002
S22x5/02-2.0,-920.9255567779
S22x5/03-A,-56.5326261721
S22x5/03-B,-56.5326261721
S22x5/03-0.9,-113.067795173
S22x5/03-1.0,-113.0693330477
S22x5/03-1.2,-113.0685156458
S22x5/03-1.5,-113.0668156132
S22x5/03-2.0,-113.0657817919
S22x5/04-A,-76.4068499824
S22x5/04-B,-76.4068846626
S22x5/04-0.9,-152.8200592913
S22x5/04-1.0,-152.8213044374
S22x5/04-1.2,-152.8200352734
S22x5/04-1.5,-152.8173451309
S22x5/04-2.0,-152.8152451095
S22x5/05-A,-40.4859426048
S22x5/05-B,-40.4859426048
S22x5/05-0.9,-80.9710294687
S22x5/05-1.0,-80.971836817
S22x5/05-1.2,-80.9719216494
S22x5/05-1.5,-80.971898126
S22x5/05-2.0,-80.9718891974
S22x5/06-A,-78.530293411
S22x5/06-B,-78.530293411
S22x5/06-0.9,-157.0586902973
S22x5/06-1.0,-157.0610433221
S22x5/06-1.2,-157.0610417627
S22x5/06-1.5,-157.0606845439
S22x5/06-2.0,-157.0606022994
S22x5/07-A,-78.5302899593
S22x5/07-B,-77.2785908826
S22x5/07-0.9,-155.8096287046
S22x5/07-1.0,-155.8104151493
S22x5/07-1.2,-155.810145196
S22x5/07-1.5,-155.8094691825
S22x5/07-2.0,-155.8090726372
S22x5/08-A,-189.6879079041
S22x5/08-B,-189.6879079041
S22x5/08-0.9,-379.3994933718
S22x5/08-1.0,-379.403321508
S22x5/08-1.2,-379.3993648764
S22x5/08-1.5,-379.3897604474
S22x5/08-2.0,-379.3812875149
S22x5/09-A,-169.8163292764
S22x5/09-B,-169.8163292763
S22x5/09-0.9,-339.6521961189
S22x5/09-1.0,-339.6555400649
S22x5/09-1.2,-339.6524794717
S22x5/09-1.5,-339.6447937055
S22x5/09-2.0,-339.6380279599
S22x5/10-A,-232.0696085211
S22x5/10-B,-76.4067869384
S22x5/10-0.9,-308.479012392
S22x5/10-1.0,-308.4800667306
S22x5/10-1.2,-308.4795304777
S22x5/10-1.5,-308.4781539949
S22x5/10-2.0,-308.4770961902
S22x5/11-A,-232.0696167703
S22x5/11-B,-56.5325535165
S22x5/11-0.9,-288.6028251514
S22x5/11-1.0,-288.6039922602
S22x5/11-1.2,-288.6038907055
S22x5/11-1.5,-288.6030812341
S22x5/11-2.0,-288.602504202
S22x5/12-A,-232.0696257141
S22x5/12-B,-40.4859636468
S22x5/12-0.9,-272.5545146327
S22x5/12-1.0,-272.5558864292
S22x5/12-1.2,-272.5562212567
S22x5/12-1.5,-272.5558711992
S22x5/12-2.0,-272.5556668209
S22x5/13-A,-232.069614241
S22x5/13-B,-232.069616216
S22x5/13-0.9,-464.1383524086
S22x5/13-1.0,-464.1403756852
S22x5/13-1.2,-464.1408864182
S22x5/13-1.5,-464.1401390628
S22x5/13-2.0,-464.1395479475
S22x5/14-A,-232.0696122406
S22x5/14-B,-232.0696122402
S22x5/14-0.9,-464.1308447484
S22x5/14-1.0,-464.1381095053
S22x5/14-1.2,-464.1398465161
S22x5/14-1.5,-464.1393446978
S22x5/14-2.0,-464.1392238277
S22x5/15-A,-232.0695880807
S22x5/15-B,-363.5525949265
S22x5/15-0.9,-595.6242115019
S22x5/15-1.0,-595.6268245587
S22x5/15-1.2,-595.627145335
S22x5/15-1.5,-595.6252818302
S22x5/15-2.0,-595.6235071838
S22x5/16-A,-232.0695960352
S22x5/16-B,-363.552573966
S22x5/16-0.9,-595.6130956555
S22x5/16-1.0,-595.6218438052
S22x5/16-1.2,-595.6236756696
S22x5/16-1.5,-595.6224168576
S22x5/16-2.0,-595.6220377928
S22x5/17-A,-264.1391799294
S22x5/17-B,-264.1391742116
S22x5/17-0.9,-528.2720526387
S22x5/17-1.0,-528.2796331945
S22x5/17-1.2,-528.2805696869
S22x5/17-1.5,-528.2791325142
S22x5/17-2.0,-528.278522009
S22x5/18-A,-323.3200398495
S22x5/18-B,-303.4465721379
S22x5/18-0.9,-626.7865887732
S22x5/18-1.0,-626.7897598088
S22x5/18-1.2,-626.7864427112
S22x5/18-1.5,-626.7783356922
S22x5/18-2.0,-626.771309117
S22x5/19-A,-307.2695483444
S22x5/19-B,-307.2696268166
S22x5/19-0.9,-614.5449970957
S22x5/19-1.0,-614.5467490742
S22x5/19-1.2,-614.5459128326
S22x5/19-1.5,-614.5431916181
S22x5/19-2.0,-614.5408365945
S22x5/20-A,-414.602249484
S22x5/20-B,-414.602249484
S22x5/20-0.9,-829.2031388978
S22x5/20-1.0,-829.212140009
S22x5/20-1.2,-829.210878372
S22x5/20-1.5,-829.2072356008
S22x5/20-2.0,-829.2054200879
S22x5/21-A,-414.6014421197
S22x5/21-B,-414.6014421199
S22x5/21-0.9,-829.2285059502
S22x5/21-1.0,-829.2319321569
S22x5/21-1.2,-829.2277901889
S22x5/21-1.5,-829.2181850772
S22x5/21-2.0,-829.2096156711
S22x5/22-A,-232.0696005376
S22x5/22-B,-93.3754254227
S22x5/22-0.9,-325.4484718977
S22x5/22-1.0,-325.4500078215
S22x5/22-1.2,-325.4495933252
S22x5/22-1.5,-325.4477629191
S22x5/22-2.0,-325.4462228851
S66x8/01-A,-76.4068786179
S66x8/01-B,-76.4068681486
S66x8/01-090,-152.8206382766
S66x8/01-095,-152.8211880409
S66x8/01-100,-152.8212503794
S66x8/01-105,-152.8210176466
S66x8/01-110,-152.8206167254
S66x8/01-125,-152.8191026241
S66x8/01-150,-152.8170115528
S66x8/01-200,-152.8150905655
S66x8/02-A,-76.4068835162
S66x8/02-B,-115.6705024476
S66x8/02-090,-192.0846416687
S66x8/02-095,-192.0853145046
S66x8/02-100,-192.0854373866
S66x8/02-105,-192.0852220682
S66x8/02-110,-192.0848106694
S66x8/02-125,-192.083183904
S66x8/02-150,-192.0808830805
S66x8/02-200,-192.0787671271
S66x8/03-A,-76.4068873143
S66x8/03-B,-95.8009171248
S66x8/03-090,-172.2170945661
S66x8/03-095,-172.2177971031
S66x8/03-100,-172.2178958854
S66x8/03-105,-172.217614041
S66x8/03-110,-172.2171053399
S66x8/03-125,-172.2150965528
S66x8/03-150,-172.2121705878
S66x8/03-200,-172.209385929
S66x8/04-A,-76.4068874065
S66x8/04-B,-248.384183535
S66x8/04-090,-324.8013583488
S66x8/04-095,-324.8021748834
S66x8/04-100,-324.8023415347
S66x8/04-105,-324.8020948875
S66x8/04-110,-324.8015992801
S66x8/04-125,-324.7995552883
S66x8/04-150,-324.7964632984
S66x8/04-200,-324.7930583894
S66x8/05-A,-115.6703101316
S66x8/05-B,-115.6705114124
S66x8/05-090,-231.3479112232
S66x8/05-095,-231.3487118777
S66x8/05-100,-231.3489285089
S66x8/05-105,-231.3487802644
S66x8/05-110,-231.3484152998
S66x8/05-125,-231.3468452856
S66x8/05-150,-231.3445233987
S66x8/05-200,-231.3423340886
S66x8/06-A,-115.6700452609
S66x8/06-B,-95.8009207525
S66x8/06-090,-211.4800187259
S66x8/06-095,-211.4810442975
S66x8/06-100,-211.4813560651
S66x8/06-105,-211.4812111248
S66x8/06-110,-211.480786888
S66x8/06-125,-211.4788424443
S66x8/06-150,-211.4758152387
S66x8/06-200,-211.4728533212
S66x8/07-A,-115.6701551881
S66x8/07-B,-248.3842636681
S66x8/07-090,-364.0642688447
S66x8/07-095,-364.0652842537
S66x8/07-100,-364.0655983935
S66x8/07-105,-364.0654591749
S66x8/07-110,-364.0650386898
S66x8/07-125,-364.0630894708
S66x8/07-150,-364.0595738628
S66x8/07-200,-364.0560334121
S66x8/08-A,-115.6703410988
S66x8/08-B,-76.4068715507
S66x8/08-090,-192.0838738591
S66x8/08-095,-192.0845418623
S66x8/08-100,-192.0846901997
S66x8/08-105,-192.0845186121
S66x8/08-110,-192.084160272
S66x8/08-125,-192.0827010515
S66x8/08-150,-192.0806041888
S66x8/08-200,-192.078648836
S66x8/09-A,-95.8008217247
S66x8/09-B,-115.670492641
S66x8/09-090,-211.4740810057
S66x8/09-095,-211.4746682746
S66x8/09-100,-211.4748533451
S66x8/09-105,-211.4747993655
S66x8/09-110,-211.4746154363
S66x8/09-125,-211.4738224607
S66x8/09-150,-211.4727640199
S66x8/09-200,-211.471900398
S66x8/10-A,-95.800827501
S66x8/10-B,-95.8008897941
S66x8/10-090,-191.6050028663
S66x8/10-095,-191.6059661367
S66x8/10-100,-191.6063442851
S66x8/10-105,-191.6063655498
S66x8/10-110,-191.606175894
S66x8/10-125,-191.6051463472
S66x8/10-150,-191.6033723537
S66x8/10-200,-191.6022631343
S66x8/11-A,-95.8006464883
S66x8/11-B,-248.3844078585
S66x8/11-090,-344.1894366906
S66x8/11-095,-344.1905008021
S66x8/11-100,-344.1909440752
S66x8/11-105,-344.1909938909
S66x8/11-110,-344.190806792
S66x8/11-125,-344.1890083134
S66x8/11-150,-344.1869274493
S66x8/11-200,-344.1858330127
S66x8/12-A,-95.8008937117
S66x8/12-B,-76.4064858944
S66x8/12-090,-172.2169855748
S66x8/12-095,-172.2178630732
S66x8/12-100,-172.2180647714
S66x8/12-105,-172.2178371862
S66x8/12-110,-172.2173499222
S66x8/12-125,-172.2153140557
S66x8/12-150,-172.2122887757
S66x8/12-200,-172.2094107114
S66x8/13-A,-248.3843524893
S66x8/13-B,-115.6705228651
S66x8/13-090,-364.0613910884
S66x8/13-095,-364.0623497174
S66x8/13-100,-364.0627023094
S66x8/13-105,-364.0626713531
S66x8/13-110,-364.0624067471
S66x8/13-125,-364.0610542437
S66x8/13-150,-364.0589076623
S66x8/13-200,-364.0567641515
S66x8/14-A,-248.3841232187
S66x8/14-B,-95.8008847426
S66x8/14-090,-344.1928105274
S66x8/14-095,-344.1939694502
S66x8/14-100,-344.1944279528
S66x8/14-105,-344.1944297859
S66x8/14-110,-344.1941448978
S66x8/14-125,-344.1925565857
S66x8/14-150,-344.1898922497
S66x8/14-200,-344.1871609115
S66x8/15-A,-248.3840107352
S66x8/15-B,-248.3841743392
S66x8/15-090,-496.7771712828
S66x8/15-095,-496.7783278127
S66x8/15-100,-496.7787847565
S66x8/15-105,-496.7787839165
S66x8/15-110,-496.7784923741
S66x8/15-125,-496.7768490517
S66x8/15-150,-496.7740333509
S66x8/15-200,-496.7706781593
S66x8/16-A,-248.3841899451
S66x8/16-B,-76.4068743206
S66x8/16-090,-324.7973529266
S66x8/16-095,-324.7980775291
S66x8/16-100,-324.7982921177
S66x8/16-105,-324.798189881
S66x8/16-110,-324.7978980952
S66x8/16-125,-324.7966150095
S66x8/16-150,-324.7947011711
S66x8/16-200,-324.7928229798
S66x8/17-A,-414.6016582186
S66x8/17-B,-414.6017805202
S66x8/17-090,-829.2245100297
S66x8/17-095,-829.226735143
S66x8/17-100,-829.2274810332
S66x8/17-105,-829.2272503995
S66x8/17-110,-829.2263985113
S66x8/17-125,-829.2222466432
S66x8/17-150,-829.215373973
S66x8/17-200,-829.208228924
S66x8/18-A,-76.4068854136
S66x8/18-B,-248.1062797747
S66x8/18-090,-324.5222258371
S66x8/18-095,-324.5229738924
S66x8/18-100,-324.5231054295
S66x8/18-105,-324.5228480982
S66x8/18-110,-324.5223581665
S66x8/18-125,-324.5203905911
S66x8/18-150,-324.5175195664
S66x8/18-200,-324.5148025286
S66x8/19-A,-115.6700635001
S66x8/19-B,-248.1062738476
S66x8/19-090,-363.7851715405
S66x8/19-095,-363.7861728607
S66x8/19-100,-363.7864788912
S66x8/19-105,-363.7863372876
S66x8/19-110,-363.7860593627
S66x8/19-125,-363.7839940418
S66x8/19-150,-363.7811405371
S66x8/19-200,-363.7781871941
S66x8/20-A,-228.9823924698
S66x8/20-B,-228.9823916689
S66x8/20-090,-457.9899544277
S66x8/20-095,-457.9922458264
S66x8/20-100,-457.992885856
S66x8/20-105,-457.9924517294
S66x8/20-110,-457.9913450862
S66x8/20-125,-457.9864464277
S66x8/20-150,-457.9784229343
S66x8/20-200,-457.9700903353
S66x8/21-A,-209.1081045148
S66x8/21-B,-209.1081077549
S66x8/21-090,-418.236898381
S66x8/21-095,-418.2389200729
S66x8/21-100,-418.2395447386
S66x8/21-105,-418.2392577553
S66x8/21-110,-418.238399622
S66x8/21-125,-418.2344023465
S66x8/21-150,-418.227980993
S66x8/21-200,-418.2207461629
S66x8/22-A,-228.9823365245
S66x8/22-B,-414.6015106908
S66x8/22-090,-643.6091226889
S66x8/22-095,-643.6114046732
S66x8/22-100,-643.6121166003
S66x8/22-105,-643.6117899442
S66x8/22-110,-643.6107997886
S66x8/22-125,-643.6061099816
S66x8/22-150,-643.5983303955
S66x8/22-200,-643.5899623823
S66x8/23-A,-209.1080116332
S66x8/23-B,-414.601358064
S66x8/23-090,-623.734011004
S66x8/23-095,-623.7361968134
S66x8/23-100,-623.7369442655
S66x8/23-105,-623.7367278832
S66x8/23-110,-623.735885568
S66x8/23-125,-623.7316673457
S66x8/23-150,-623.7244265265
S66x8/23-200,-623.7163216338
S66x8/24-A,-232.0696364235
S66x8/24-B,-232.0696217766
S66x8/24-090,-464.1313918558
S66x8/24-095,-464.1358881188
S66x8/24-100,-464.138196871
S66x8/24-105,-464.1392829925
S66x8/24-110,-464.1397375099
S66x8/24-125,-464.1397201644
S66x8/24-150,-464.1393118555
S66x8/24-200,-464.1392198609
S66x8/25-A,-248.1062625315
S66x8/25-B,-248.1062779311
S66x8/25-090,-496.2063140241
S66x8/25-095,-496.210727133
S66x8/25-100,-496.2130296203
S66x8/25-105,-496.2140754621
S66x8/25-110,-496.2144567201
S66x8/25-125,-496.2141528046
S66x8/25-150,-496.2132810783
S66x8/25-200,-496.2127704679
S66x8/26-A,-414.6022495161
S66x8/26-B,-414.6022495164
S66x8/26-090,-829.2057186326
S66x8/26-095,-829.2101325945
S66x8/26-100,-829.2121400646
S66x8/26-105,-829.2127639093
S66x8/26-110,-829.2126434821
S66x8/26-125,-829.210689943
S66x8/26-150,-829.207874806
S66x8/26-200,-829.2057420977
S66x8/27-A,-232.0696306981
S66x8/27-B,-248.1062846707
S66x8/27-090,-480.1686567063
S66x8/27-095,-480.173385903
S66x8/27-100,-480.1757544373
S66x8/27-105,-480.17681558
S66x8/27-110,-480.1772023767
S66x8/27-125,-480.1769857242
S66x8/27-150,-480.1763098043
S66x8/27-200,-480.175996713
S66x8/28-A,-232.0695905406
S66x8/28-B,-414.6027876287
S66x8/28-090,-646.6677291917
S66x8/28-095,-646.672150446
S66x8/28-100,-646.6743532365
S66x8/28-105,-646.6753029328
S66x8/28-110,-646.6755164366
S66x8/28-125,-646.6746969048
S66x8/28-150,-646.6732766525
S66x8/28-200,-646.6724663726
S66x8/29-A,-248.1062591586
S66x8/29-B,-414.6027568598
S66x8/29-090,-662.7042900088
S66x8/29-095,-662.7102118936
S66x8/29-100,-662.7128461943
S66x8/29-105,-662.7137819454
S66x8/29-110,-662.7138266512
S66x8/29-125,-662.712513649
S66x8/29-150,-662.7107367395
S66x8/29-200,-662.7095506112
S66x8/30-A,-232.0696291438
S66x8/30-B,-78.5303368881
S66x8/30-090,-310.5954522653
S66x8/30-095,-310.5977245256
S66x8/30-100,-310.5989118145
S66x8/30-105,-310.5994915883
S66x8/30-110,-310.5997382202
S66x8/30-125,-310.5998154268
S66x8/30-150,-310.5997571496
S66x8/30-200,-310.5998647787
S66x8/31-A,-414.6028140145
S66x8/31-B,-78.5303143623
S66x8/31-090,-493.1317915796
S66x8/31-095,-493.1337256842
S66x8/31-100,-493.13468675
S66x8/31-105,-493.1350660889
S66x8/31-110,-493.1351255782
S66x8/31-125,-493.1346612748
S66x8/31-150,-493.1338814581
S66x8/31-200,-493.1333342415
S66x8/32-A,-414.6028293537
S66x8/32-B,-77.2784489063
S66x8/32-090,-491.880701873
S66x8/32-095,-491.8827086223
S66x8/32-100,-491.8836374161
S66x8/32-105,-491.8839504735
S66x8/32-110,-491.8839163987
S66x8/32-125,-491.8831722778
S66x8/32-150,-491.8820920269
S66x8/32-200,-491.8813546747
S66x8/33-A,-248.1062908028
S66x8/33-B,-78.5303197565
S66x8/33-090,-326.6331833637
S66x8/33-095,-326.6351822848
S66x8/33-100,-326.6362428224
S66x8/33-105,-326.63675277
S66x8/33-110,-326.636964134
S66x8/33-125,-326.6369113782
S66x8/33-150,-326.6366512818
S66x8/33-200,-326.6365875116
S66x8/34-A,-197.6149829495
S66x8/34-B,-197.6149982017
S66x8/34-090,-395.2267225126
S66x8/34-095,-395.2292081641
S66x8/34-100,-395.230485679
S66x8/34-105,-395.2310737591
S66x8/34-110,-395.2312683291
S66x8/34-125,-395.2311212348
S66x8/34-150,-395.2306304831
S66x8/34-200,-395.2303508946
S66x8/35-A,-197.6149908577
S66x8/35-B,-197.6184865791
S66x8/35-090,-395.2307473836
S66x8/35-095,-395.2327475582
S66x8/35-100,-395.2337153513
S66x8/35-105,-395.2341294653
S66x8/35-110,-395.2342554266
S66x8/35-125,-395.2341231069
S66x8/35-150,-395.2338075493
S66x8/35-200,-395.2336298186
S66x8/36-A,-197.6184679006
S66x8/36-B,-197.6184818247
S66x8/36-090,-395.2352386686
S66x8/36-095,-395.2362613035
S66x8/36-100,-395.2368096684
S66x8/36-105,-395.2370609673
S66x8/36-110,-395.2371650593
S66x8/36-125,-395.2371287786
S66x8/36-150,-395.2369657107
S66x8/36-200,-395.2368448558
S66x8/37-A,-196.4029686488
S66x8/37-B,-197.6183528591
S66x8/37-090,-394.0183804553
S66x8/37-095,-394.0203597292
S66x8/37-100,-394.021347443
S66x8/37-105,-394.0218180127
S66x8/37-110,-394.0220039918
S66x8/37-125,-394.0219619416
S66x8/37-150,-394.0216718757
S66x8/37-200,-394.0214922816
S66x8/38-A,-196.4029148814
S66x8/38-B,-196.4029218335
S66x8/38-090,-392.8031884248
S66x8/38-095,-392.8050594798
S66x8/38-100,-392.8061400044
S66x8/38-105,-392.8066183213
S66x8/38-110,-392.8067551157
S66x8/38-125,-392.8065459381
S66x8/38-150,-392.8061404474
S66x8/38-200,-392.8059206361
S66x8/39-A,-232.0696242532
S66x8/39-B,-196.4028901257
S66x8/39-090,-428.4686552505
S66x8/39-095,-428.4715937645
S66x8/39-100,-428.4731295459
S66x8/39-105,-428.4738339617
S66x8/39-110,-428.4740540169
S66x8/39-125,-428.473727333
S66x8/39-150,-428.4730439632
S66x8/39-200,-428.472637741
S66x8/40-A,-232.0696198324
S66x8/40-B,-197.6184098493
S66x8/40-090,-429.6852513334
S66x8/40-095,-429.6875145106
S66x8/40-100,-429.6886484741
S66x8/40-105,-429.6891638483
S66x8/40-110,-429.6893140917
S66x8/40-125,-429.6890621531
S66x8/40-150,-429.6885249656
S66x8/40-200,-429.6881972716
S66x8/41-A,-414.6028164078
S66x8/41-B,-197.6150659491
S66x8/41-090,-612.215049152
S66x8/41-095,-612.2178028615
S66x8/41-100,-612.2192102043
S66x8/41-105,-612.2198134522
S66x8/41-110,-612.2199377844
S66x8/41-125,-612.2192503482
S66x8/41-150,-612.2184045979
S66x8/41-200,-612.2179877039
S66x8/42-A,-414.6028182176
S66x8/42-B,-196.402909762
S66x8/42-090,-611.002594279
S66x8/42-095,-611.0053881206
S66x8/42-100,-611.0067448957
S66x8/42-105,-611.0072932366
S66x8/42-110,-611.007409867
S66x8/42-125,-611.0069698111
S66x8/42-150,-611.0062650849
S66x8/42-200,-611.0058685934
S66x8/43-A,-414.6028230069
S66x8/43-B,-197.6184563919
S66x8/43-090,-612.2192569224
S66x8/43-095,-612.2214854556
S66x8/43-100,-612.2225319151
S66x8/43-105,-612.2229183721
S66x8/43-110,-612.222949713
S66x8/43-125,-612.2224504137
S66x8/43-150,-612.221741075
S66x8/43-200,-612.2213063992
S66x8/44-A,-78.530334946
S66x8/44-B,-197.6150021646
S66x8/44-090,-276.1440257986
S66x8/44-095,-276.1451854693
S66x8/44-100,-276.1457509567
S66x8/44-105,-276.1459698151
S66x8/44-110,-276.1460308997
S66x8/44-125,-276.1458802752
S66x8/44-150,-276.1456262418
S66x8/44-200,-276.1454969358
S66x8/45-A,-77.2784635365
S66x8/45-B,-197.6150424613
S66x8/45-090,-274.8915459569
S66x8/45-095,-274.8929729707
S66x8/45-100,-274.8936658123
S66x8/45-105,-274.8939669081
S66x8/45-110,-274.8940617454
S66x8/45-125,-274.8939142446
S66x8/45-150,-274.8936263517
S66x8/45-200,-274.8934288926
S66x8/46-A,-248.3842995628
S66x8/46-B,-197.6149804931
S66x8/46-090,-445.9980939431
S66x8/46-095,-445.9998237127
S66x8/46-100,-446.0007361372
S66x8/46-105,-446.0011348527
S66x8/46-110,-446.0012483861
S66x8/46-125,-446.0008812538
S66x8/46-150,-446.0000597261
S66x8/46-200,-445.9995533465
S66x8/47-A,-232.0696170263
S66x8/47-B,-232.0695703309
S66x8/47-090,-464.1368234416
S66x8/47-095,-464.1391772989
S66x8/47-100,-464.1403270101
S66x8/47-105,-464.1408041979
S66x8/47-110,-464.1409361932
S66x8/47-125,-464.1405675962
S66x8/47-150,-464.1398871277
S66x8/47-200,-464.1394344313
S66x8/48-A,-248.1062739025
S66x8/48-B,-248.1062285005
S66x8/48-090,-496.211747769
S66x8/48-095,-496.2137359838
S66x8/48-100,-496.2147052446
S66x8/48-105,-496.2150921775
S66x8/48-110,-496.215153208
S66x8/48-125,-496.2145992374
S66x8/48-150,-496.213659439
S66x8/48-200,-496.2129406721
S66x8/49-A,-232.069615614
S66x8/49-B,-248.1062536511
S66x8/49-090,-480.1741808605
S66x8/49-095,-480.1765582566
S66x8/49-100,-480.1777057764
S66x8/49-105,-480.1781524952
S66x8/49-110,-480.1782437831
S66x8/49-125,-480.1777414175
S66x8/49-150,-480.1768850681
S66x8/49-200,-480.1762541311
S66x8/50-A,-232.0696151836
S66x8/50-B,-77.2784830067
S66x8/50-090,-309.3478495443
S66x8/50-095,-309.3496063985
S66x8/50-100,-309.3503799809
S66x8/50-105,-309.3506132024
S66x8/50-110,-309.3505644529
S66x8/50-125,-309.3499102917
S66x8/50-150,-309.3490050986
S66x8/50-200,-309.3483483008
S66x8/51-A,-77.278470249
S66x8/51-B,-77.2784948148
S66x8/51-090,-154.5577643147
S66x8/51-095,-154.5583388172
S66x8/51-100,-154.5585520887
S66x8/51-105,-154.5585654186
S66x8/51-110,-154.5584730949
S66x8/51-125,-154.5580281812
S66x8/51-150,-154.557486105
S66x8/51-200,-154.5571069438
S66x8/52-A,-232.0696158798
S66x8/52-B,-228.9843856354
S66x8/52-090,-461.0561731453
S66x8/52-095,-461.0577389868
S66x8/52-100,-461.0584322054
S66x8/52-105,-461.0586117187
S66x8/52-110,-461.0584919108
S66x8/52-125,-461.0574880261
S66x8/52-150,-461.055955411
S66x8/52-200,-461.0546663146
S66x8/53-A,-232.0696199473
S66x8/53-B,-209.1090756421
S66x8/53-090,-441.1810971225
S66x8/53-095,-441.182310209
S66x8/53-100,-441.1828503029
S66x8/53-105,-441.1829810454
S66x8/53-110,-441.1828676818
S66x8/53-125,-441.1819666915
S66x8/53-150,-441.1805386956
S66x8/53-200,-441.1792302038
S66x8/54-A,-232.0696093604
S66x8/54-B,-76.4068154708
S66x8/54-090,-308.4786131562
S66x8/54-095,-308.4796549839
S66x8/54-100,-308.4800632944
S66x8/54-105,-308.4801020349
S66x8/54-110,-308.4799447137
S66x8/54-125,-308.4791102371
S66x8/54-150,-308.4779688821
S66x8/54-200,-308.4769931743
S66x8/55-A,-232.0696008781
S66x8/55-B,-115.6704052919
S66x8/55-090,-347.7412586947
S66x8/55-095,-347.7428437919
S66x8/55-100,-347.7436006221
S66x8/55-105,-347.7438599935
S66x8/55-110,-347.7438236798
S66x8/55-125,-347.743051931
S66x8/55-150,-347.74178182
S66x8/55-200,-347.7406738743
S66x8/56-A,-232.0696167232
S66x8/56-B,-95.8008262667
S66x8/56-090,-327.8699274853
S66x8/56-095,-327.8715408911
S66x8/56-100,-327.8723500528
S66x8/56-105,-327.8726969309
S66x8/56-110,-327.8727326389
S66x8/56-125,-327.8722016242
S66x8/56-150,-327.8713664368
S66x8/56-200,-327.8707485018
S66x8/57-A,-232.069599656
S66x8/57-B,-248.3842675491
S66x8/57-090,-480.4532651715
S66x8/57-095,-480.4562897581
S66x8/57-100,-480.4577143242
S66x8/57-105,-480.4582303585
S66x8/57-110,-480.4582534684
S66x8/57-125,-480.4573432805
S66x8/57-150,-480.4558561915
S66x8/57-200,-480.4546484943
S66x8/58-A,-248.1062365456
S66x8/58-B,-248.1062171881
S66x8/58-090,-496.2138128989
S66x8/58-095,-496.2158490543
S66x8/58-100,-496.2168672934
S66x8/58-105,-496.2168314687
S66x8/58-110,-496.216430217
S66x8/58-125,-496.2150176034
S66x8/58-150,-496.2136567287
S66x8/58-200,-496.2128108805
S66x8/59-A,-77.2784889073
S66x8/59-B,-76.4068685412
S66x8/59-090,-153.6887784825
S66x8/59-095,-153.6892758753
S66x8/59-100,-153.6893974439
S66x8/59-105,-153.6892944454
S66x8/59-110,-153.6890671809
S66x8/59-125,-153.6881592971
S66x8/59-150,-153.6869505947
S66x8/59-200,-153.6858985648
S66x8/60-A,-77.2784479464
S66x8/60-B,-228.9843606389
S66x8/60-090,-306.2673161525
S66x8/60-095,-306.2683781734
S66x8/60-100,-306.2687416139
S66x8/60-105,-306.2686785117
S66x8/60-110,-306.2683712917
S66x8/60-125,-306.2669736425
S66x8/60-150,-306.2650349082
S66x8/60-200,-306.263467818
S66x8/61-A,-197.6150334734
S66x8/61-B,-228.9844583359
S66x8/61-090,-426.5989464685
S66x8/61-095,-426.5998900639
S66x8/61-100,-426.6003909192
S66x8/61-105,-426.6006166332
S66x8/61-110,-426.6006816495
S66x8/61-125,-426.600454225
S66x8/61-150,-426.5999188298
S66x8/61-200,-426.5996166782
S66x8/62-A,-197.6150605561
S66x8/62-B,-209.1091218352
S66x8/62-090,-406.723521066
S66x8/62-095,-406.724883971
S66x8/62-100,-406.7255675631
S66x8/62-105,-406.7258458696
S66x8/62-110,-406.725897054
S66x8/62-125,-406.7255036121
S66x8/62-150,-406.7248395775
S66x8/62-200,-406.7243777984
S66x8/63-A,-232.069629447
S66x8/63-B,-228.9843996976
S66x8/63-090,-461.0525354467
S66x8/63-095,-461.0548913684
S66x8/63-100,-461.056010612
S66x8/63-105,-461.0564468119
S66x8/63-110,-461.0564949557
S66x8/63-125,-461.0558890473
S66x8/63-150,-461.0549211339
S66x8/63-200,-461.0542820958
S66x8/64-A,-248.3843065505
S66x8/64-B,-78.5303325889
S66x8/64-090,-326.9149995164
S66x8/64-095,-326.9160667674
S66x8/64-100,-326.9165700841
S66x8/64-105,-326.9167278559
S66x8/64-110,-326.9166919903
S66x8/64-125,-326.9161875284
S66x8/64-150,-326.9153727231
S66x8/64-200,-326.9147927365
S66x8/65-A,-248.106290637
S66x8/65-B,-77.2781412748
S66x8/65-090,-325.3891376911
S66x8/65-095,-325.3898354882
S66x8/65-100,-325.3900576093
S66x8/65-105,-325.3899832138
S66x8/65-110,-325.3897330415
S66x8/65-125,-325.3886080851
S66x8/65-150,-325.3869860723
S66x8/65-200,-325.3855509843
S66x8/66-A,-95.80081544
S66x8/66-B,-248.1062841408
S66x8/66-090,-343.908597854
S66x8/66-095,-343.9097910237
S66x8/66-100,-343.9103761976
S66x8/66-105,-343.9105747522
S66x8/66-110,-343.9105384487
S66x8/66-125,-343.9098651789
S66x8/66-150,-343.9086923862
S66x8/66-200,-343.9076821275
NCIBLIND10/01-A,-232.0676997956
NCIBLIND10/01-B,-40.4855154101
NCIBLIND10/01-1,-272.5499189702
NCIBLIND10/01-2,-272.5536995936
NCIBLIND10/01-3,-272.5535991606
NCIBLIND10/01-4,-272.5533435875
NCIBLIND10/01-5,-272.5532726499
NCIBLIND10/01-6,-272.5532430194
NCIBLIND10/01-7,-272.5532294731
NCIBLIND10/02-A,-232.0690296866
NCIBLIND10/02-B,-76.4066079046
NCIBLIND10/02-1,-308.4632729403
NCIBLIND10/02-2,-308.4778341237
NCIBLIND10/02-3,-308.4789721825
NCIBLIND10/02-4,-308.4781005736
NCIBLIND10/02-5,-308.4773157858
NCIBLIND10/02-6,-308.4767917366
NCIBLIND10/02-7,-308.4762172388
NCIBLIND10/02-8,-308.4759675791
NCIBLIND10/02-9,-308.4758412267
NCIBLIND10/03-A,-154.9577025683
NCIBLIND10/03-B,-154.9576914275
NCIBLIND10/03-1,-309.9137596721
NCIBLIND10/03-2,-309.9170486701
NCIBLIND10/03-3,-309.9166217102
NCIBLIND10/03-4,-309.9158843632
NCIBLIND10/03-5,-309.9156349348
NCIBLIND10/03-6,-309.9155282463
NCIBLIND10/03-7,-309.9154782617
NCIBLIND10/04-A,-599.220199083
NCIBLIND10/04-B,-599.2214104844
NCIBLIND10/04-1,-1198.4436901478
NCIBLIND10/04-2,-1198.4521409786
NCIBLIND10/04-3,-1198.4514827373
NCIBLIND10/04-4,-1198.446968048
NCIBLIND10/04-5,-1198.4446296362
NCIBLIND10/04-6,-1198.4433760423
NCIBLIND10/04-7,-1198.4426598146
NCIBLIND10/04-8,-1198.442244842
NCIBLIND10/05-A,-598.0504925524
NCIBLIND10/05-B,-598.0504246504
NCIBLIND10/05-1,-1196.1150950231
NCIBLIND10/05-2,-1196.1180543599
NCIBLIND10/05-3,-1196.1122215894
NCIBLIND10/05-4,-1196.1074853133
NCIBLIND10/05-5,-1196.1052073972
NCIBLIND10/05-6,-1196.1039154915
NCIBLIND10/06-A,-226.0715151962
NCIBLIND10/06-B,-226.0724859418
NCIBLIND10/06-1,-452.1514597692
NCIBLIND10/06-2,-452.1585427129
NCIBLIND10/06-3,-452.152059368
NCIBLIND10/06-4,-452.147771377
NCIBLIND10/06-5,-452.146098433
NCIBLIND10/06-6,-452.1452986972
NCIBLIND10/06-7,-452.1448654689
NCIBLIND10/07-A,-228.9576540644
NCIBLIND10/07-B,-228.9580041102
NCIBLIND10/07-1,-457.9177779425
NCIBLIND10/07-2,-457.9190144926
NCIBLIND10/07-3,-457.9174484363
NCIBLIND10/07-4,-457.91633325
NCIBLIND10/07-5,-457.9159439848
NCIBLIND10/07-6,-457.9157857701
NCIBLIND10/08-A,-436.4936511738
NCIBLIND10/08-B,-436.4936511736
NCIBLIND10/08-1,-872.9730360383
NCIBLIND10/08-2,-872.9882654354
NCIBLIND10/08-3,-872.9913633213
NCIBLIND10/08-4,-872.9892199276
NCIBLIND10/08-5,-872.9883926768
NCIBLIND10/08-6,-872.9880224422
NCIBLIND10/08-7,-872.9878307804
NCIBLIND10/09-A,-244.9066781305
NCIBLIND10/09-B,-244.9066358024
NCIBLIND10/09-1,-489.8124210284
NCIBLIND10/09-2,-489.819405328
NCIBLIND10/09-3,-489.8177263233
NCIBLIND10/09-4,-489.8154985281
NCIBLIND10/09-5,-489.8145582476
NCIBLIND10/09-6,-489.8140885089
NCIBLIND10/09-7,-489.813830797
NCIBLIND10/10-A,-76.4067763032
NCIBLIND10/10-B,-76.4068372119
NCIBLIND10/10-1,-152.7993252671
NCIBLIND10/10-2,-152.817944589
NCIBLIND10/10-3,-152.8212605904
NCIBLIND10/10-4,-152.8204352835
NCIBLIND10/10-5,-152.8188915499
NCIBLIND10/10-6,-152.8168347558
NCIBLIND10/10-7,-152.8156700306
NCIBLIND10/10-8,-152.8149961981
NCIBLIND10/10-9,-152.8145916157
NCIBLIND10/10-10,-152.8143320214
NCIBLIND10/10-11,-152.8141576028
NCIBLIND10/10-12,-152.8140371289
NCIBLIND10/10-13,-152.8139523994
NCIBLIND10/10-14,-152.8138895646
NCIBLIND10/10-15,-152.8138422229
NCIBLIND10/10-16,-152.813805769
