system,HSE12S/def2-QZVP/ORCA5.0.1
S22x5/01-A,-467.0161233001
S22x5/01-B,-453.8542730788
S22x5/01-0.9,-920.8935123885
S22x5/01-1.0,-920.8950021528
S22x5/01-1.2,-920.8897421371
S22x5/01-1.5,-920.8808713967
S22x5/01-2.0,-920.8739092298
S22x5/02-A,-467.0156594535
S22x5/02-B,-453.855601167
S22x5/02-0.9,-920.8652345624
S22x5/02-1.0,-920.8763339549
S22x5/02-1.2,-920.8771677345
S22x5/02-1.5,-920.8740986866
S22x5/02-2.0,-920.8722204958
S22x5/03-A,-56.5220790557
S22x5/03-B,-56.5220790555
S22x5/03-0.9,-113.0480059345
S22x5/03-1.0,-113.0489504641
S22x5/03-1.2,-113.0477234444
S22x5/03-1.5,-113.0458555939
S22x5/03-2.0,-113.0446951072
S22x5/04-A,-76.3874925855
S22x5/04-B,-76.3875721648
S22x5/04-0.9,-152.7830383055
S22x5/04-1.0,-152.7836826298
S22x5/04-1.2,-152.7818135877
S22x5/04-1.5,-152.7788964061
S22x5/04-2.0,-152.77663725
S22x5/05-A,-40.482354891
S22x5/05-B,-40.482354891
S22x5/05-0.9,-80.9641395265
S22x5/05-1.0,-80.9648781744
S22x5/05-1.2,-80.9648622666
S22x5/05-1.5,-80.9647292987
S22x5/05-2.0,-80.9647106867
S22x5/06-A,-78.5238547018
S22x5/06-B,-78.5238547012
S22x5/06-0.9,-157.046711913
S22x5/06-1.0,-157.048521569
S22x5/06-1.2,-157.048366421
S22x5/06-1.5,-157.0478389224
S22x5/06-2.0,-157.0477157182
S22x5/07-A,-78.5238448723
S22x5/07-B,-77.2642809932
S22x5/07-0.9,-155.7898236571
S22x5/07-1.0,-155.790281256
S22x5/07-1.2,-155.7897123684
S22x5/07-1.5,-155.7888339808
S22x5/07-2.0,-155.7883304419
S22x5/08-A,-189.6511941333
S22x5/08-B,-189.6511941332
S22x5/08-0.9,-379.3326173829
S22x5/08-1.0,-379.3345698659
S22x5/08-1.2,-379.3281979577
S22x5/08-1.5,-379.3172035733
S22x5/08-2.0,-379.3082333062
S22x5/09-A,-169.7900184247
S22x5/09-B,-169.7900184246
S22x5/09-0.9,-339.604401421
S22x5/09-1.0,-339.6061517464
S22x5/09-1.2,-339.601281418
S22x5/09-1.5,-339.5928127701
S22x5/09-2.0,-339.585676278
S22x5/10-A,-232.0756751949
S22x5/10-B,-76.3874140311
S22x5/10-0.9,-308.4665609589
S22x5/10-1.0,-308.4672685266
S22x5/10-1.2,-308.4664907948
S22x5/10-1.5,-308.4649957797
S22x5/10-2.0,-308.4638155205
S22x5/11-A,-232.0757161501
S22x5/11-B,-56.5220257091
S22x5/11-0.9,-288.5988623414
S22x5/11-1.0,-288.5998043803
S22x5/11-1.2,-288.5996017947
S22x5/11-1.5,-288.598733338
S22x5/11-2.0,-288.5980679111
S22x5/12-A,-232.0757529222
S22x5/12-B,-40.4824069764
S22x5/12-0.9,-272.5574278626
S22x5/12-1.0,-272.5585944602
S22x5/12-1.2,-272.558863807
S22x5/12-1.5,-272.5584883968
S22x5/12-2.0,-272.5582196464
S22x5/13-A,-232.0757217704
S22x5/13-B,-232.0757091344
S22x5/13-0.9,-464.1505637858
S22x5/13-1.0,-464.1523790543
S22x5/13-1.2,-464.1528878574
S22x5/13-1.5,-464.1522706395
S22x5/13-2.0,-464.151691304
S22x5/14-A,-232.0757420556
S22x5/14-B,-232.0757420555
S22x5/14-0.9,-464.1422534171
S22x5/14-1.0,-464.1491558004
S22x5/14-1.2,-464.1514341303
S22x5/14-1.5,-464.15139287
S22x5/14-2.0,-464.1514122183
S22x5/15-A,-232.0755982291
S22x5/15-B,-363.5629576061
S22x5/15-0.9,-595.6406940305
S22x5/15-1.0,-595.6430645623
S22x5/15-1.2,-595.6433112648
S22x5/15-1.5,-595.6415974512
S22x5/15-2.0,-595.6398299059
S22x5/16-A,-232.075692
S22x5/16-B,-363.5629757964
S22x5/16-0.9,-595.6281469642
S22x5/16-1.0,-595.636329657
S22x5/16-1.2,-595.6387681281
S22x5/16-1.5,-595.6383986076
S22x5/16-2.0,-595.6383558324
S22x5/17-A,-264.1265246162
S22x5/17-B,-264.1265049096
S22x5/17-0.9,-528.245562148
S22x5/17-1.0,-528.252833682
S22x5/17-1.2,-528.2544623802
S22x5/17-1.5,-528.2535691408
S22x5/17-2.0,-528.2531199184
S22x5/18-A,-323.3034477655
S22x5/18-B,-303.4411241078
S22x5/18-0.9,-626.7687986635
S22x5/18-1.0,-626.7704990216
S22x5/18-1.2,-626.7654445022
S22x5/18-1.5,-626.756570964
S22x5/18-2.0,-626.7493424126
S22x5/19-A,-307.2627534063
S22x5/19-B,-307.2626218253
S22x5/19-0.9,-614.5317280167
S22x5/19-1.0,-614.5329705719
S22x5/19-1.2,-614.5318230765
S22x5/19-1.5,-614.5292501548
S22x5/19-2.0,-614.5269620086
S22x5/20-A,-414.5649751534
S22x5/20-B,-414.5649751554
S22x5/20-0.9,-829.1284572422
S22x5/20-1.0,-829.1364265417
S22x5/20-1.2,-829.1358068171
S22x5/20-1.5,-829.1326061689
S22x5/20-2.0,-829.1308521267
S22x5/21-A,-414.5640334307
S22x5/21-B,-414.5640334288
S22x5/21-0.9,-829.1589432798
S22x5/21-1.0,-829.1606308382
S22x5/21-1.2,-829.1544721512
S22x5/21-1.5,-829.1439646293
S22x5/21-2.0,-829.1350646937
S22x5/22-A,-232.0756366293
S22x5/22-B,-93.3494431747
S22x5/22-0.9,-325.4300597052
S22x5/22-1.0,-325.4310228282
S22x5/22-1.2,-325.4301142307
S22x5/22-1.5,-325.4280925444
S22x5/22-2.0,-325.4263608084
S66x8/01-A,-76.3875860628
S66x8/01-B,-76.3875308249
S66x8/01-090,-152.7833133332
S66x8/01-095,-152.7835636501
S66x8/01-100,-152.7833878523
S66x8/01-105,-152.7829709381
S66x8/01-110,-152.7824319344
S66x8/01-125,-152.780693065
S66x8/01-150,-152.7784701145
S66x8/01-200,-152.7763968336
S66x8/02-A,-76.3875933798
S66x8/02-B,-115.6516078828
S66x8/02-090,-192.0476425637
S66x8/02-095,-192.0480217551
S66x8/02-100,-192.0479096661
S66x8/02-105,-192.0475124437
S66x8/02-110,-192.0469639629
S66x8/02-125,-192.0451226613
S66x8/02-150,-192.0427246419
S66x8/02-200,-192.040495072
S66x8/03-A,-76.3876058489
S66x8/03-B,-95.7918842994
S66x8/03-090,-172.1906223954
S66x8/03-095,-172.1909731913
S66x8/03-100,-172.1907685836
S66x8/03-105,-172.1902298027
S66x8/03-110,-172.189506998
S66x8/03-125,-172.1870745626
S66x8/03-150,-172.1838830056
S66x8/03-200,-172.1809299472
S66x8/04-A,-76.3876032051
S66x8/04-B,-248.3629554679
S66x8/04-090,-324.7626596088
S66x8/04-095,-324.7631021587
S66x8/04-100,-324.7629630819
S66x8/04-105,-324.7624724162
S66x8/04-110,-324.761786698
S66x8/04-125,-324.7593993742
S66x8/04-150,-324.7561140619
S66x8/04-200,-324.7524761438
S66x8/05-A,-115.6516273117
S66x8/05-B,-115.6516235161
S66x8/05-090,-231.3116476739
S66x8/05-095,-231.3121450652
S66x8/05-100,-231.312119271
S66x8/05-105,-231.3117822722
S66x8/05-110,-231.3112747471
S66x8/05-125,-231.309479597
S66x8/05-150,-231.3070682533
S66x8/05-200,-231.3047838718
S66x8/06-A,-115.6513527519
S66x8/06-B,-95.791870686
S66x8/06-090,-211.454463861
S66x8/06-095,-211.4551155707
S66x8/06-100,-211.4551107153
S66x8/06-105,-211.4546932041
S66x8/06-110,-211.4540410493
S66x8/06-125,-211.4516373651
S66x8/06-150,-211.4483056892
S66x8/06-200,-211.4451656462
S66x8/07-A,-115.6514447919
S66x8/07-B,-248.3626824636
S66x8/07-090,-364.0261394766
S66x8/07-095,-364.026736143
S66x8/07-100,-364.0267054897
S66x8/07-105,-364.0262861772
S66x8/07-110,-364.025644247
S66x8/07-125,-364.0232904818
S66x8/07-150,-364.0195398203
S66x8/07-200,-364.0157804452
S66x8/08-A,-115.6516713463
S66x8/08-B,-76.3875350596
S66x8/08-090,-192.0473088673
S66x8/08-095,-192.0476689887
S66x8/08-100,-192.0475717769
S66x8/08-105,-192.0472099177
S66x8/08-110,-192.0467078466
S66x8/08-125,-192.0450157061
S66x8/08-150,-192.0427954751
S66x8/08-200,-192.0407049457
S66x8/09-A,-95.791894984
S66x8/09-B,-115.6517015583
S66x8/09-090,-211.4470595823
S66x8/09-095,-211.4474614271
S66x8/09-100,-211.4475160897
S66x8/09-105,-211.4473767526
S66x8/09-110,-211.447134216
S66x8/09-125,-211.446256756
S66x8/09-150,-211.445112248
S66x8/09-200,-211.4441543497
S66x8/10-A,-95.7918462599
S66x8/10-B,-95.7918497161
S66x8/10-090,-191.588259033
S66x8/10-095,-191.5888932721
S66x8/10-100,-191.589030348
S66x8/10-105,-191.5888758594
S66x8/10-110,-191.5885656223
S66x8/10-125,-191.5873664237
S66x8/10-150,-191.5854652662
S66x8/10-200,-191.5842412766
S66x8/11-A,-95.7916143264
S66x8/11-B,-248.3628296781
S66x8/11-090,-344.1600640831
S66x8/11-095,-344.1608012923
S66x8/11-100,-344.1610091652
S66x8/11-105,-344.1608988043
S66x8/11-110,-344.1606044643
S66x8/11-125,-344.1586674165
S66x8/11-150,-344.1564715114
S66x8/11-200,-344.1552740968
S66x8/12-A,-95.791830127
S66x8/12-B,-76.3868003963
S66x8/12-090,-172.1904535835
S66x8/12-095,-172.1909693163
S66x8/12-100,-172.1908628321
S66x8/12-105,-172.1903749824
S66x8/12-110,-172.1896741116
S66x8/12-125,-172.187220642
S66x8/12-150,-172.1839453268
S66x8/12-200,-172.1809083374
S66x8/13-A,-248.3627144087
S66x8/13-B,-115.6516576558
S66x8/13-090,-364.0218689374
S66x8/13-095,-364.022551128
S66x8/13-100,-364.0227009015
S66x8/13-105,-364.0225272953
S66x8/13-110,-364.0221658258
S66x8/13-125,-364.0206983623
S66x8/13-150,-364.0185252187
S66x8/13-200,-364.0162763639
S66x8/14-A,-248.3624442682
S66x8/14-B,-95.7917979823
S66x8/14-090,-344.1637976451
S66x8/14-095,-344.1646036428
S66x8/14-100,-344.1647708686
S66x8/14-105,-344.1645373325
S66x8/14-110,-344.1640632643
S66x8/14-125,-344.1621314983
S66x8/14-150,-344.1592943455
S66x8/14-200,-344.1564291163
S66x8/15-A,-248.3627759828
S66x8/15-B,-248.3629091992
S66x8/15-090,-496.7362061798
S66x8/15-095,-496.7370128224
S66x8/15-100,-496.7371928985
S66x8/15-105,-496.7369764133
S66x8/15-110,-496.7365211577
S66x8/15-125,-496.734628845
S66x8/15-150,-496.7317220355
S66x8/15-200,-496.7282185084
S66x8/16-A,-248.3630101029
S66x8/16-B,-76.3875430719
S66x8/16-090,-324.7579610424
S66x8/16-095,-324.7584219061
S66x8/16-100,-324.758438848
S66x8/16-105,-324.7581955
S66x8/16-110,-324.7578050945
S66x8/16-125,-324.7563870333
S66x8/16-150,-324.7543858865
S66x8/16-200,-324.7523628711
S66x8/17-A,-414.5642898902
S66x8/17-B,-414.5644358055
S66x8/17-090,-829.1546162939
S66x8/17-095,-829.1559432296
S66x8/17-100,-829.1559383447
S66x8/17-105,-829.1550842012
S66x8/17-110,-829.1537218482
S66x8/17-125,-829.148586569
S66x8/17-150,-829.1411826529
S66x8/17-200,-829.1337381309
S66x8/18-A,-76.3875953563
S66x8/18-B,-248.1031723569
S66x8/18-090,-324.5012009054
S66x8/18-095,-324.5016280933
S66x8/18-100,-324.5014881361
S66x8/18-105,-324.5010065448
S66x8/18-110,-324.5003364526
S66x8/18-125,-324.4980427118
S66x8/18-150,-324.4950160934
S66x8/18-200,-324.4922027531
S66x8/19-A,-115.6513586157
S66x8/19-B,-248.1031664961
S66x8/19-090,-363.765110148
S66x8/19-095,-363.7657838067
S66x8/19-100,-363.7658145193
S66x8/19-105,-363.7654441034
S66x8/19-110,-363.764674939
S66x8/19-125,-363.7625889733
S66x8/19-150,-363.7592211538
S66x8/19-200,-363.7561700908
S66x8/20-A,-228.9490344652
S66x8/20-B,-228.9490286406
S66x8/20-090,-457.929405995
S66x8/20-095,-457.9307254284
S66x8/20-100,-457.9305223696
S66x8/20-105,-457.9293613045
S66x8/20-110,-457.9276378249
S66x8/20-125,-457.9214410788
S66x8/20-150,-457.9125028248
S66x8/20-200,-457.9037080226
S66x8/21-A,-209.0850115723
S66x8/21-B,-209.0850156451
S66x8/21-090,-418.1951836678
S66x8/21-095,-418.196372608
S66x8/21-100,-418.1963012527
S66x8/21-105,-418.1954374176
S66x8/21-110,-418.1941142638
S66x8/21-125,-418.189247702
S66x8/21-150,-418.1823458552
S66x8/21-200,-418.1747448125
S66x8/22-A,-228.9489634412
S66x8/22-B,-414.5641640726
S66x8/22-090,-643.544012977
S66x8/22-095,-643.5453616192
S66x8/22-100,-643.5452729264
S66x8/22-105,-643.5442649644
S66x8/22-110,-643.5427033087
S66x8/22-125,-643.5368494583
S66x8/22-150,-643.5283216287
S66x8/22-200,-643.5195685187
S66x8/23-A,-209.0849315248
S66x8/23-B,-414.5639349295
S66x8/23-090,-623.6785826298
S66x8/23-095,-623.6799073016
S66x8/23-100,-623.6799237946
S66x8/23-105,-623.6790910032
S66x8/23-110,-623.677738269
S66x8/23-125,-623.6725078768
S66x8/23-150,-623.6646360077
S66x8/23-200,-623.6561561255
S66x8/24-A,-232.0758194001
S66x8/24-B,-232.075740087
S66x8/24-090,-464.1427153334
S66x8/24-095,-464.1469629978
S66x8/24-100,-464.1492036184
S66x8/24-105,-464.1503707502
S66x8/24-110,-464.1509500067
S66x8/24-125,-464.1514309917
S66x8/24-150,-464.1513613862
S66x8/24-200,-464.1514092494
S66x8/25-A,-248.1030937917
S66x8/25-B,-248.1031375579
S66x8/25-090,-496.1991273408
S66x8/25-095,-496.2032857375
S66x8/25-100,-496.2054901793
S66x8/25-105,-496.2065774726
S66x8/25-110,-496.2070782075
S66x8/25-125,-496.2072567701
S66x8/25-150,-496.2067490328
S66x8/25-200,-496.2063881871
S66x8/26-A,-414.5649747221
S66x8/26-B,-414.5649747218
S66x8/26-090,-829.1307483934
S66x8/26-095,-829.1346419337
S66x8/26-100,-829.1364258179
S66x8/26-105,-829.1370214589
S66x8/26-110,-829.1370018747
S66x8/26-125,-829.1356381924
S66x8/26-150,-829.1332091898
S66x8/26-200,-829.1311518339
S66x8/27-A,-232.0757950907
S66x8/27-B,-248.1031611471
S66x8/27-090,-480.1707780521
S66x8/27-095,-480.1752471557
S66x8/27-100,-480.1775016256
S66x8/27-105,-480.1786296027
S66x8/27-110,-480.1791405049
S66x8/27-125,-480.1794060642
S66x8/27-150,-480.1790743385
S66x8/27-200,-480.1789057895
S66x8/28-A,-232.0755943227
S66x8/28-B,-414.5656818085
S66x8/28-090,-646.6357214864
S66x8/28-095,-646.6397830685
S66x8/28-100,-646.6418410469
S66x8/28-105,-646.6428031129
S66x8/28-110,-646.6431527193
S66x8/28-125,-646.6429229577
S66x8/28-150,-646.6419472721
S66x8/28-200,-646.6413048584
S66x8/29-A,-248.1030508235
S66x8/29-B,-414.5657039139
S66x8/29-090,-662.663210505
S66x8/29-095,-662.6686077259
S66x8/29-100,-662.6710525181
S66x8/29-105,-662.6720071021
S66x8/29-110,-662.6722316753
S66x8/29-125,-662.6715553968
S66x8/29-150,-662.6701506365
S66x8/29-200,-662.669111023
S66x8/30-A,-232.075777815
S66x8/30-B,-78.5239796877
S66x8/30-090,-310.5954665313
S66x8/30-095,-310.5974504305
S66x8/30-100,-310.5984774944
S66x8/30-105,-310.5989972926
S66x8/30-110,-310.599260849
S66x8/30-125,-310.5994695263
S66x8/30-150,-310.5994883854
S66x8/30-200,-310.599620134
S66x8/31-A,-414.5657416783
S66x8/31-B,-78.5239069978
S66x8/31-090,-493.0885406262
S66x8/31-095,-493.0901995925
S66x8/31-100,-493.0910071127
S66x8/31-105,-493.0913507322
S66x8/31-110,-493.0914409104
S66x8/31-125,-493.0911112002
S66x8/31-150,-493.0903875982
S66x8/31-200,-493.0897964797
S66x8/32-A,-414.5658592278
S66x8/32-B,-77.2639236136
S66x8/32-090,-491.8295454042
S66x8/32-095,-491.8312407737
S66x8/32-100,-491.8319918359
S66x8/32-105,-491.8322249648
S66x8/32-110,-491.8321919698
S66x8/32-125,-491.8315355736
S66x8/32-150,-491.830478261
S66x8/32-200,-491.8296777875
S66x8/33-A,-248.1032011517
S66x8/33-B,-78.5239560677
S66x8/33-090,-326.6239485649
S66x8/33-095,-326.625649986
S66x8/33-100,-326.626553786
S66x8/33-105,-326.6270041017
S66x8/33-110,-326.6272171134
S66x8/33-125,-326.6272949656
S66x8/33-150,-326.6271419461
S66x8/33-200,-326.6270959027
S66x8/34-A,-197.6194955431
S66x8/34-B,-197.6195741146
S66x8/34-090,-395.2360153663
S66x8/34-095,-395.2381352616
S66x8/34-100,-395.2392555027
S66x8/34-105,-395.2398424639
S66x8/34-110,-395.2401454427
S66x8/34-125,-395.2401363615
S66x8/34-150,-395.2396823169
S66x8/34-200,-395.2393521393
S66x8/35-A,-197.6195257684
S66x8/35-B,-197.6224468132
S66x8/35-090,-395.2397513192
S66x8/35-095,-395.2414037543
S66x8/35-100,-395.2422225991
S66x8/35-105,-395.242607007
S66x8/35-110,-395.2427599509
S66x8/35-125,-395.2426661586
S66x8/35-150,-395.2423087771
S66x8/35-200,-395.2420908355
S66x8/36-A,-197.6224343246
S66x8/36-B,-197.6224238453
S66x8/36-090,-395.2435250428
S66x8/36-095,-395.2444200769
S66x8/36-100,-395.2448935323
S66x8/36-105,-395.2451263957
S66x8/36-110,-395.2452197561
S66x8/36-125,-395.2451585202
S66x8/36-150,-395.2449252136
S66x8/36-200,-395.244780823
S66x8/37-A,-196.41200402
S66x8/37-B,-197.6224685291
S66x8/37-090,-394.0318248804
S66x8/37-095,-394.0334820401
S66x8/37-100,-394.0343382544
S66x8/37-105,-394.0347728663
S66x8/37-110,-394.0349645998
S66x8/37-125,-394.0349711474
S66x8/37-150,-394.0346542343
S66x8/37-200,-394.0344234988
S66x8/38-A,-196.4119589767
S66x8/38-B,-196.4119635266
S66x8/38-090,-392.8214841501
S66x8/38-095,-392.823065565
S66x8/38-100,-392.8240135929
S66x8/38-105,-392.8244867508
S66x8/38-110,-392.8246808993
S66x8/38-125,-392.8246028395
S66x8/38-150,-392.824190588
S66x8/38-200,-392.8239400811
S66x8/39-A,-232.0757515754
S66x8/39-B,-196.411937781
S66x8/39-090,-428.4837274682
S66x8/39-095,-428.4863317308
S66x8/39-100,-428.4877282341
S66x8/39-105,-428.4884049642
S66x8/39-110,-428.4886798242
S66x8/39-125,-428.4886045346
S66x8/39-150,-428.4880672117
S66x8/39-200,-428.4877157144
S66x8/40-A,-232.0757281226
S66x8/40-B,-197.622300279
S66x8/40-090,-429.6954503968
S66x8/40-095,-429.6974772106
S66x8/40-100,-429.6985044767
S66x8/40-105,-429.6989836437
S66x8/40-110,-429.6991711251
S66x8/40-125,-429.6990460449
S66x8/40-150,-429.6985591925
S66x8/40-200,-429.6982687475
S66x8/41-A,-414.5656440423
S66x8/41-B,-197.6195980351
S66x8/41-090,-612.1819460417
S66x8/41-095,-612.1843773532
S66x8/41-100,-612.185652724
S66x8/41-105,-612.1862876609
S66x8/41-110,-612.1865755703
S66x8/41-125,-612.1863004693
S66x8/41-150,-612.1855901664
S66x8/41-200,-612.1852421621
S66x8/42-A,-414.5656255655
S66x8/42-B,-196.4119364105
S66x8/42-090,-610.9737912248
S66x8/42-095,-610.9763104315
S66x8/42-100,-610.9776087201
S66x8/42-105,-610.9782531248
S66x8/42-110,-610.9785247598
S66x8/42-125,-610.9784698365
S66x8/42-150,-610.9779310155
S66x8/42-200,-610.977603578
S66x8/43-A,-414.5657210237
S66x8/43-B,-197.6224827181
S66x8/43-090,-612.1858087863
S66x8/43-095,-612.18781635
S66x8/43-100,-612.1887796605
S66x8/43-105,-612.1892070723
S66x8/43-110,-612.1893423617
S66x8/43-125,-612.1890677175
S66x8/43-150,-612.1884245756
S66x8/43-200,-612.1880215161
S66x8/44-A,-78.5239713251
S66x8/44-B,-197.619493377
S66x8/44-090,-276.1426011391
S66x8/44-095,-276.1435330927
S66x8/44-100,-276.1440012699
S66x8/44-105,-276.1442192771
S66x8/44-110,-276.144290264
S66x8/44-125,-276.1441522226
S66x8/44-150,-276.1438275158
S66x8/44-200,-276.1436366889
S66x8/45-A,-77.2639525097
S66x8/45-B,-197.6196071854
S66x8/45-090,-274.8819262731
S66x8/45-095,-274.8831477892
S66x8/45-100,-274.8837601706
S66x8/45-105,-274.8840296512
S66x8/45-110,-274.8841248417
S66x8/45-125,-274.8839771655
S66x8/45-150,-274.8836013807
S66x8/45-200,-274.8833311672
S66x8/46-A,-248.3630847535
S66x8/46-B,-197.6195645754
S66x8/46-090,-445.9814213284
S66x8/46-095,-445.9828570683
S66x8/46-100,-445.9836550143
S66x8/46-105,-445.9840739323
S66x8/46-110,-445.9842434913
S66x8/46-125,-445.984086287
S66x8/46-150,-445.9833359169
S66x8/46-200,-445.9828014034
S66x8/47-A,-232.0757091517
S66x8/47-B,-232.0755230121
S66x8/47-090,-464.1491469153
S66x8/47-095,-464.1512491925
S66x8/47-100,-464.1522766301
S66x8/47-105,-464.1527239781
S66x8/47-110,-464.1528627486
S66x8/47-125,-464.1526300728
S66x8/47-150,-464.1520242067
S66x8/47-200,-464.1515814459
S66x8/48-A,-248.1030901492
S66x8/48-B,-248.1030126429
S66x8/48-090,-496.2056332977
S66x8/48-095,-496.2073175304
S66x8/48-100,-496.2081383188
S66x8/48-105,-496.2084664582
S66x8/48-110,-496.208530344
S66x8/48-125,-496.2081210665
S66x8/48-150,-496.2072587763
S66x8/48-200,-496.2065347134
S66x8/49-A,-232.075704535
S66x8/49-B,-248.1030968307
S66x8/49-090,-480.1773981512
S66x8/49-095,-480.1794982075
S66x8/49-100,-480.1804908358
S66x8/49-105,-480.1808886652
S66x8/49-110,-480.1809689232
S66x8/49-125,-480.1805728144
S66x8/49-150,-480.1797741094
S66x8/49-200,-480.1791369319
S66x8/50-A,-232.0756969868
S66x8/50-B,-77.2640050502
S66x8/50-090,-309.3402318613
S66x8/50-095,-309.3416379534
S66x8/50-100,-309.3421940872
S66x8/50-105,-309.3422936387
S66x8/50-110,-309.3421790998
S66x8/50-125,-309.3414677995
S66x8/50-150,-309.3404844299
S66x8/50-200,-309.3397476393
S66x8/51-A,-77.2639668258
S66x8/51-B,-77.2640279483
S66x8/51-090,-154.5297111972
S66x8/51-095,-154.5300746094
S66x8/51-100,-154.5301381468
S66x8/51-105,-154.530044129
S66x8/51-110,-154.5298731649
S66x8/51-125,-154.5292765814
S66x8/51-150,-154.5285777671
S66x8/51-200,-154.5280992262
S66x8/52-A,-232.0756991309
S66x8/52-B,-228.9510645762
S66x8/52-090,-461.0299036261
S66x8/52-095,-461.0311648652
S66x8/52-100,-461.0316468529
S66x8/52-105,-461.0316793137
S66x8/52-110,-461.0314653008
S66x8/52-125,-461.0303649992
S66x8/52-150,-461.0287796259
S66x8/52-200,-461.0273829937
S66x8/53-A,-232.0757167236
S66x8/53-B,-209.0861079992
S66x8/53-090,-441.1651958864
S66x8/53-095,-441.1661369249
S66x8/53-100,-441.1664836156
S66x8/53-105,-441.1664831726
S66x8/53-110,-441.1662826936
S66x8/53-125,-441.1652706225
S66x8/53-150,-441.1637455787
S66x8/53-200,-441.1623095822
S66x8/54-A,-232.075671001
S66x8/54-B,-76.3874879787
S66x8/54-090,-308.4662380171
S66x8/54-095,-308.4670335726
S66x8/54-100,-308.4672683798
S66x8/54-105,-308.4671980142
S66x8/54-110,-308.4669719639
S66x8/54-125,-308.4660441547
S66x8/54-150,-308.464790703
S66x8/54-200,-308.4637076254
S66x8/55-A,-232.075634848
S66x8/55-B,-115.6517194842
S66x8/55-090,-347.7293714233
S66x8/55-095,-347.73068333
S66x8/55-100,-347.7312709313
S66x8/55-105,-347.7314193435
S66x8/55-110,-347.7313338296
S66x8/55-125,-347.730539664
S66x8/55-150,-347.7292434806
S66x8/55-200,-347.7280432863
S66x8/56-A,-232.0757066471
S66x8/56-B,-95.7918985365
S66x8/56-090,-327.8674735899
S66x8/56-095,-327.8688504673
S66x8/56-100,-327.8695340036
S66x8/56-105,-327.8698072181
S66x8/56-110,-327.8698278631
S66x8/56-125,-327.8693468647
S66x8/56-150,-327.8685093041
S66x8/56-200,-327.8678465239
S66x8/57-A,-232.0756317585
S66x8/57-B,-248.3630464216
S66x8/57-090,-480.4386246055
S66x8/57-095,-480.4412882404
S66x8/57-100,-480.4425034675
S66x8/57-105,-480.4429246627
S66x8/57-110,-480.4429314017
S66x8/57-125,-480.4421041109
S66x8/57-150,-480.4406685098
S66x8/57-200,-480.4394291824
S66x8/58-A,-248.103053344
S66x8/58-B,-248.1029593893
S66x8/58-090,-496.2086263249
S66x8/58-095,-496.2101578691
S66x8/58-100,-496.2107358445
S66x8/58-105,-496.21050954
S66x8/58-110,-496.2100373448
S66x8/58-125,-496.2086077592
S66x8/58-150,-496.2072089074
S66x8/58-200,-496.2063367391
S66x8/59-A,-77.2640517648
S66x8/59-B,-76.3875423049
S66x8/59-090,-153.6563181447
S66x8/59-095,-153.6565611345
S66x8/59-100,-153.6564983713
S66x8/59-105,-153.6562663092
S66x8/59-110,-153.6559491462
S66x8/59-125,-153.654896814
S66x8/59-150,-153.6535449038
S66x8/59-200,-153.65235847
S66x8/60-A,-77.2639254207
S66x8/60-B,-228.951031099
S66x8/60-090,-306.2218649265
S66x8/60-095,-306.222438781
S66x8/60-100,-306.2224139481
S66x8/60-105,-306.2220503654
S66x8/60-110,-306.2215125312
S66x8/60-125,-306.2196971171
S66x8/60-150,-306.2174580806
S66x8/60-200,-306.215620088
S66x8/61-A,-197.6195603921
S66x8/61-B,-228.9511477821
S66x8/61-090,-426.5701413018
S66x8/61-095,-426.5709581461
S66x8/61-100,-426.571431423
S66x8/61-105,-426.5716803945
S66x8/61-110,-426.5717818576
S66x8/61-125,-426.5716636696
S66x8/61-150,-426.5711340913
S66x8/61-200,-426.5707856681
S66x8/62-A,-197.619595198
S66x8/62-B,-209.0861711895
S66x8/62-090,-406.7053412064
S66x8/62-095,-406.7064624157
S66x8/62-100,-406.7070426968
S66x8/62-105,-406.7073067277
S66x8/62-110,-406.7073824642
S66x8/62-125,-406.7070986416
S66x8/62-150,-406.7064296117
S66x8/62-200,-406.7059016267
S66x8/63-A,-232.0757728191
S66x8/63-B,-228.9510523267
S66x8/63-090,-461.0256427306
S66x8/63-095,-461.0276860877
S66x8/63-100,-461.0286303484
S66x8/63-105,-461.0289927506
S66x8/63-110,-461.0290520942
S66x8/63-125,-461.028568744
S66x8/63-150,-461.0276516919
S66x8/63-200,-461.0269906713
S66x8/64-A,-248.3630361433
S66x8/64-B,-78.5240161552
S66x8/64-090,-326.887945225
S66x8/64-095,-326.8887900742
S66x8/64-100,-326.8891717325
S66x8/64-105,-326.8892802197
S66x8/64-110,-326.889231851
S66x8/64-125,-326.888720747
S66x8/64-150,-326.8878190728
S66x8/64-200,-326.887130318
S66x8/65-A,-248.1031674289
S66x8/65-B,-77.2633494171
S66x8/65-090,-325.3729350747
S66x8/65-095,-325.3732981992
S66x8/65-100,-325.3732575546
S66x8/65-105,-325.3729800959
S66x8/65-110,-325.3725824363
S66x8/65-125,-325.3712248734
S66x8/65-150,-325.3694813421
S66x8/65-200,-325.3679766829
S66x8/66-A,-95.7919238658
S66x8/66-B,-248.1031395047
S66x8/66-090,-343.8968892411
S66x8/66-095,-343.8978266558
S66x8/66-100,-343.8982494945
S66x8/66-105,-343.8983616765
S66x8/66-110,-343.8982898769
S66x8/66-125,-343.8976563004
S66x8/66-150,-343.8965549308
S66x8/66-200,-343.8955108473
NCIBLIND10/01-A,-232.0723656632
NCIBLIND10/01-B,-40.4818162968
NCIBLIND10/01-1,-272.5515197813
NCIBLIND10/01-2,-272.5547811434
NCIBLIND10/01-3,-272.554633274
NCIBLIND10/01-4,-272.5543116559
NCIBLIND10/01-5,-272.554221511
NCIBLIND10/01-6,-272.5541971176
NCIBLIND10/01-7,-272.5541894642
NCIBLIND10/02-A,-232.074619224
NCIBLIND10/02-B,-76.3869816312
NCIBLIND10/02-1,-308.452027225
NCIBLIND10/02-2,-308.4647877568
NCIBLIND10/02-3,-308.465317865
NCIBLIND10/02-4,-308.4643046077
NCIBLIND10/02-5,-308.4634266409
NCIBLIND10/02-6,-308.4628257874
NCIBLIND10/02-7,-308.462198043
NCIBLIND10/02-8,-308.4619399709
NCIBLIND10/02-9,-308.4618120791
NCIBLIND10/03-A,-154.940237774
NCIBLIND10/03-B,-154.940194815
NCIBLIND10/03-1,-309.8797312042
NCIBLIND10/03-2,-309.8823495781
NCIBLIND10/03-3,-309.8817605462
NCIBLIND10/03-4,-309.8809175153
NCIBLIND10/03-5,-309.880644639
NCIBLIND10/03-6,-309.8805492621
NCIBLIND10/03-7,-309.8805080432
NCIBLIND10/04-A,-599.1296305079
NCIBLIND10/04-B,-599.1307191854
NCIBLIND10/04-1,-1198.263052669
NCIBLIND10/04-2,-1198.2703824043
NCIBLIND10/04-3,-1198.2698257578
NCIBLIND10/04-4,-1198.2656899791
NCIBLIND10/04-5,-1198.2633785757
NCIBLIND10/04-6,-1198.262114811
NCIBLIND10/04-7,-1198.2613962229
NCIBLIND10/04-8,-1198.2609852776
NCIBLIND10/05-A,-597.9610738436
NCIBLIND10/05-B,-597.961084385
NCIBLIND10/05-1,-1195.9383125434
NCIBLIND10/05-2,-1195.9405086035
NCIBLIND10/05-3,-1195.9339998572
NCIBLIND10/05-4,-1195.9290715851
NCIBLIND10/05-5,-1195.9266852108
NCIBLIND10/05-6,-1195.9253428752
NCIBLIND10/06-A,-226.0593745042
NCIBLIND10/06-B,-226.06065151
NCIBLIND10/06-1,-452.1300065775
NCIBLIND10/06-2,-452.1357370488
NCIBLIND10/06-3,-452.1280802018
NCIBLIND10/06-4,-452.1237392571
NCIBLIND10/06-5,-452.122063814
NCIBLIND10/06-6,-452.1212883418
NCIBLIND10/06-7,-452.1208715746
NCIBLIND10/07-A,-228.9192996559
NCIBLIND10/07-B,-228.9198810938
NCIBLIND10/07-1,-457.8420606037
NCIBLIND10/07-2,-457.8429755454
NCIBLIND10/07-3,-457.8411348283
NCIBLIND10/07-4,-457.839885782
NCIBLIND10/07-5,-457.8394659668
NCIBLIND10/07-6,-457.8393077705
NCIBLIND10/08-A,-436.4563993716
NCIBLIND10/08-B,-436.4563993713
NCIBLIND10/08-1,-872.896450666
NCIBLIND10/08-2,-872.9110302382
NCIBLIND10/08-3,-872.9158922058
NCIBLIND10/08-4,-872.9144795932
NCIBLIND10/08-5,-872.9138339064
NCIBLIND10/08-6,-872.9135332207
NCIBLIND10/08-7,-872.913496875
NCIBLIND10/09-A,-244.859807495
NCIBLIND10/09-B,-244.8596835769
NCIBLIND10/09-1,-489.7197160701
NCIBLIND10/09-2,-489.7257337612
NCIBLIND10/09-3,-489.7241345356
NCIBLIND10/09-4,-489.7218074729
NCIBLIND10/09-5,-489.7208019788
NCIBLIND10/09-6,-489.7203144745
NCIBLIND10/09-7,-489.7200458766
NCIBLIND10/10-A,-76.3873117786
NCIBLIND10/10-B,-76.3876331935
NCIBLIND10/10-1,-152.7644256709
NCIBLIND10/10-2,-152.7812910662
NCIBLIND10/10-3,-152.783581545
NCIBLIND10/10-4,-152.7822537703
NCIBLIND10/10-5,-152.7805193648
NCIBLIND10/10-6,-152.7783615011
NCIBLIND10/10-7,-152.7769099342
NCIBLIND10/10-8,-152.7761764312
NCIBLIND10/10-9,-152.775745304
NCIBLIND10/10-10,-152.7754742081
NCIBLIND10/10-11,-152.7752952857
NCIBLIND10/10-12,-152.7751738566
NCIBLIND10/10-13,-152.7750885525
NCIBLIND10/10-14,-152.7750251563
NCIBLIND10/10-15,-152.7749772935
NCIBLIND10/10-16,-152.7749403182
