system,LC-BLYP/def2-QZVP/ORCA
S22x5/01-A,-466.4498251605
S22x5/01-B,-453.3415436577
S22x5/01-0.9,-919.8189151434
S22x5/01-1.0,-919.8199188101
S22x5/01-1.2,-919.813427159
S22x5/01-1.5,-919.8029886529
S22x5/01-2.0,-919.7950064987
S22x5/02-A,-466.4485831792
S22x5/02-B,-453.3421615874
S22x5/02-0.9,-919.7962500132
S22x5/02-1.0,-919.8038994947
S22x5/02-1.2,-919.7992798111
S22x5/02-1.5,-919.793670109
S22x5/02-2.0,-919.791709146
S22x5/03-A,-56.4449279924
S22x5/03-B,-56.4449280434
S22x5/03-0.9,-112.8959571482
S22x5/03-1.0,-112.8963478714
S22x5/03-1.2,-112.8941740797
S22x5/03-1.5,-112.891661704
S22x5/03-2.0,-112.8903834857
S22x5/04-A,-76.3237181122
S22x5/04-B,-76.3236651946
S22x5/04-0.9,-152.6582387686
S22x5/04-1.0,-152.6583167123
S22x5/04-1.2,-152.6554749647
S22x5/04-1.5,-152.6516650934
S22x5/04-2.0,-152.6490314478
S22x5/05-A,-40.3903980642
S22x5/05-B,-40.3903978424
S22x5/05-0.9,-80.7815776501
S22x5/05-1.0,-80.7815721856
S22x5/05-1.2,-80.7809778278
S22x5/05-1.5,-80.780799419
S22x5/05-2.0,-80.7807923975
S22x5/06-A,-78.3767812883
S22x5/06-B,-78.3767825805
S22x5/06-0.9,-156.7553051758
S22x5/06-1.0,-156.7560112021
S22x5/06-1.2,-156.754479156
S22x5/06-1.5,-156.7536626627
S22x5/06-2.0,-156.7535688056
S22x5/07-A,-78.376772103
S22x5/07-B,-77.1389657285
S22x5/07-0.9,-155.5179607882
S22x5/07-1.0,-155.5181984426
S22x5/07-1.2,-155.5173363551
S22x5/07-1.5,-155.5163676632
S22x5/07-2.0,-155.5159238506
S22x5/08-A,-189.4923009067
S22x5/08-B,-189.4923002735
S22x5/08-0.9,-379.0199553529
S22x5/08-1.0,-379.0214962647
S22x5/08-1.2,-379.0138560862
S22x5/08-1.5,-379.0010851915
S22x5/08-2.0,-378.9907136359
S22x5/09-A,-169.6162994159
S22x5/09-B,-169.6162994159
S22x5/09-0.9,-339.2611338851
S22x5/09-1.0,-339.2624476049
S22x5/09-1.2,-339.2564525341
S22x5/09-1.5,-339.2464577647
S22x5/09-2.0,-339.2383890252
S22x5/10-A,-231.6839569282
S22x5/10-B,-76.3235800368
S22x5/10-0.9,-308.0132992131
S22x5/10-1.0,-308.013311532
S22x5/10-1.2,-308.0115590812
S22x5/10-1.5,-308.0094834463
S22x5/10-2.0,-308.008232982
S22x5/11-A,-231.6840133814
S22x5/11-B,-56.4446688362
S22x5/11-0.9,-288.1318582155
S22x5/11-1.0,-288.1321586209
S22x5/11-1.2,-288.1310518936
S22x5/11-1.5,-288.1297079727
S22x5/11-2.0,-288.129034106
S22x5/12-A,-231.6840800754
S22x5/12-B,-40.3903478592
S22x5/12-0.9,-272.075571725
S22x5/12-1.0,-272.0761605955
S22x5/12-1.2,-272.0755613529
S22x5/12-1.5,-272.0747508121
S22x5/12-2.0,-272.0744768442
S22x5/13-A,-231.6840564917
S22x5/13-B,-231.6840393659
S22x5/13-0.9,-463.3696701885
S22x5/13-1.0,-463.3708002242
S22x5/13-1.2,-463.3702490282
S22x5/13-1.5,-463.3689405927
S22x5/13-2.0,-463.3683126814
S22x5/14-A,-231.6840550398
S22x5/14-B,-231.6840549715
S22x5/14-0.9,-463.3633065197
S22x5/14-1.0,-463.3686993904
S22x5/14-1.2,-463.3687143324
S22x5/14-1.5,-463.3678764206
S22x5/14-2.0,-463.3679109079
S22x5/15-A,-231.6838588607
S22x5/15-B,-363.0019926709
S22x5/15-0.9,-594.6912889534
S22x5/15-1.0,-594.6927175016
S22x5/15-1.2,-594.6916468046
S22x5/15-1.5,-594.6889425797
S22x5/15-2.0,-594.687070643
S22x5/16-A,-231.6839696336
S22x5/16-B,-363.001852638
S22x5/16-0.9,-594.6815144114
S22x5/16-1.0,-594.6878343333
S22x5/16-1.2,-594.6875742777
S22x5/16-1.5,-594.6857875366
S22x5/16-2.0,-594.6857111058
S22x5/17-A,-263.7689604112
S22x5/17-B,-263.7689051141
S22x5/17-0.9,-527.5360736208
S22x5/17-1.0,-527.5414556747
S22x5/17-1.2,-527.5403526382
S22x5/17-1.5,-527.5383926655
S22x5/17-2.0,-527.5379306027
S22x5/18-A,-322.8882117907
S22x5/18-B,-303.0099548047
S22x5/18-0.9,-625.9263502068
S22x5/18-1.0,-625.9276908582
S22x5/18-1.2,-625.9216361541
S22x5/18-1.5,-625.9113340503
S22x5/18-2.0,-625.9031012679
S22x5/19-A,-306.8290671377
S22x5/19-B,-306.8290120558
S22x5/19-0.9,-613.669422632
S22x5/19-1.0,-613.6697077315
S22x5/19-1.2,-613.6669630549
S22x5/19-1.5,-613.662807393
S22x5/19-2.0,-613.6598035709
S22x5/20-A,-414.1241533729
S22x5/20-B,-414.1241537315
S22x5/20-0.9,-828.2561356366
S22x5/20-1.0,-828.2608125055
S22x5/20-1.2,-828.255612672
S22x5/20-1.5,-828.2508982789
S22x5/20-2.0,-828.2491845004
S22x5/21-A,-414.1237447358
S22x5/21-B,-414.1237445981
S22x5/21-0.9,-828.2824067616
S22x5/21-1.0,-828.2838081059
S22x5/21-1.2,-828.2766527089
S22x5/21-1.5,-828.2645959071
S22x5/21-2.0,-828.2546323931
S22x5/22-A,-231.6839586953
S22x5/22-B,-93.2391028822
S22x5/22-0.9,-324.9298253128
S22x5/22-1.0,-324.9303611987
S22x5/22-1.2,-324.9286507911
S22x5/22-1.5,-324.9260071155
S22x5/22-2.0,-324.9242547448
S66x8/01-A,-76.3236268201
S66x8/01-B,-76.3236504852
S66x8/01-090,-152.6584053197
S66x8/01-095,-152.6583588573
S66x8/01-100,-152.6578993369
S66x8/01-105,-152.6572140906
S66x8/01-110,-152.6564267772
S66x8/01-125,-152.6540596256
S66x8/01-150,-152.6512106601
S66x8/01-200,-152.648844745
S66x8/02-A,-76.3236421281
S66x8/02-B,-115.5159658428
S66x8/02-090,-191.8517285054
S66x8/02-095,-191.8517245963
S66x8/02-100,-191.8512550532
S66x8/02-105,-191.8505223033
S66x8/02-110,-191.8496622089
S66x8/02-125,-191.8470397836
S66x8/02-150,-191.8438534491
S66x8/02-200,-191.8412178097
S66x8/03-A,-76.3236671755
S66x8/03-B,-95.6417762236
S66x8/03-090,-171.9795648785
S66x8/03-095,-171.9796574996
S66x8/03-100,-171.9792102642
S66x8/03-105,-171.9784454297
S66x8/03-110,-171.9775125743
S66x8/03-125,-171.9745443038
S66x8/03-150,-171.970732006
S66x8/03-200,-171.9673539031
S66x8/04-A,-76.3236646228
S66x8/04-B,-248.0445460985
S66x8/04-090,-324.3847922022
S66x8/04-095,-324.3848492152
S66x8/04-100,-324.3843343457
S66x8/04-105,-324.3834843921
S66x8/04-110,-324.3824488363
S66x8/04-125,-324.3791469873
S66x8/04-150,-324.3748445569
S66x8/04-200,-324.3705448642
S66x8/05-A,-115.5159721227
S66x8/05-B,-115.5159940144
S66x8/05-090,-231.0438569427
S66x8/05-095,-231.0439765586
S66x8/05-100,-231.0435925753
S66x8/05-105,-231.0429185972
S66x8/05-110,-231.042096439
S66x8/05-125,-231.0395061924
S66x8/05-150,-231.0362810955
S66x8/05-200,-231.0335504285
S66x8/06-A,-115.5158285264
S66x8/06-B,-95.6417556074
S66x8/06-090,-211.1720027171
S66x8/06-095,-211.1723216689
S66x8/06-100,-211.1719979449
S66x8/06-105,-211.1712869932
S66x8/06-110,-211.1703677226
S66x8/06-125,-211.1673058193
S66x8/06-150,-211.1632451405
S66x8/06-200,-211.1596186822
S66x8/07-A,-115.5159550419
S66x8/07-B,-248.0444023792
S66x8/07-090,-363.5764094303
S66x8/07-095,-363.5766502586
S66x8/07-100,-363.5762687271
S66x8/07-105,-363.5755040641
S66x8/07-110,-363.574530818
S66x8/07-125,-363.5712960966
S66x8/07-150,-363.5664034138
S66x8/07-200,-363.5620146306
S66x8/08-A,-115.5159814835
S66x8/08-B,-76.3236588593
S66x8/08-090,-191.850542982
S66x8/08-095,-191.8506014924
S66x8/08-100,-191.8502136588
S66x8/08-105,-191.849576139
S66x8/08-110,-191.8488170856
S66x8/08-125,-191.8464688461
S66x8/08-150,-191.8435857971
S66x8/08-200,-191.8411606533
S66x8/09-A,-95.6417163261
S66x8/09-B,-115.5159954916
S66x8/09-090,-211.1638540123
S66x8/09-095,-211.1638429575
S66x8/09-100,-211.1635296757
S66x8/09-105,-211.1630601171
S66x8/09-110,-211.1625283649
S66x8/09-125,-211.1610160882
S66x8/09-150,-211.1594185872
S66x8/09-200,-211.1583477669
S66x8/10-A,-95.6417950496
S66x8/10-B,-95.6417293543
S66x8/10-090,-191.2913005461
S66x8/10-095,-191.2915260433
S66x8/10-100,-191.2912750795
S66x8/10-105,-191.2907542124
S66x8/10-110,-191.2901035857
S66x8/10-125,-191.2880862601
S66x8/10-150,-191.2854110266
S66x8/10-200,-191.2840384735
S66x8/11-A,-95.6416285614
S66x8/11-B,-248.0445797209
S66x8/11-090,-343.6958208257
S66x8/11-095,-343.6960832454
S66x8/11-100,-343.6958361039
S66x8/11-105,-343.6952964849
S66x8/11-110,-343.6946013879
S66x8/11-125,-343.6912376455
S66x8/11-150,-343.6882396357
S66x8/11-200,-343.6869346049
S66x8/12-A,-95.6417253075
S66x8/12-B,-76.3235540481
S66x8/12-090,-171.9801791554
S66x8/12-095,-171.9803542124
S66x8/12-100,-171.9799243298
S66x8/12-105,-171.9791329312
S66x8/12-110,-171.978150931
S66x8/12-125,-171.9749719079
S66x8/12-150,-171.9708958757
S66x8/12-200,-171.9673489012
S66x8/13-A,-248.0445535074
S66x8/13-B,-115.5160098501
S66x8/13-090,-363.5718423139
S66x8/13-095,-363.5721274387
S66x8/13-100,-363.5718853176
S66x8/13-105,-363.5713386697
S66x8/13-110,-363.570622771
S66x8/13-125,-363.5682565922
S66x8/13-150,-363.5651971057
S66x8/13-200,-363.562538485
S66x8/14-A,-248.0443894632
S66x8/14-B,-95.6417080323
S66x8/14-090,-343.6986256858
S66x8/14-095,-343.6991468418
S66x8/14-100,-343.6990393744
S66x8/14-105,-343.6985415145
S66x8/14-110,-343.697821676
S66x8/14-125,-343.695241711
S66x8/14-150,-343.6916523142
S66x8/14-200,-343.6883338066
S66x8/15-A,-248.0444348965
S66x8/15-B,-248.0444645989
S66x8/15-090,-496.1031894113
S66x8/15-095,-496.1036358056
S66x8/15-100,-496.1034618157
S66x8/15-105,-496.1029022448
S66x8/15-110,-496.1021230989
S66x8/15-125,-496.099374482
S66x8/15-150,-496.0955083191
S66x8/15-200,-496.091460918
S66x8/16-A,-248.0445883653
S66x8/16-B,-76.3236605817
S66x8/16-090,-324.3783159434
S66x8/16-095,-324.378498249
S66x8/16-100,-324.378238243
S66x8/16-105,-324.3777230819
S66x8/16-110,-324.3770769075
S66x8/16-125,-324.375003155
S66x8/16-150,-324.3723806846
S66x8/16-200,-324.3701001122
S66x8/17-A,-414.1239481603
S66x8/17-B,-414.124094043
S66x8/17-090,-828.2781490974
S66x8/17-095,-828.279317136
S66x8/17-100,-828.2790846735
S66x8/17-105,-828.2779645031
S66x8/17-110,-828.276315034
S66x8/17-125,-828.2702912883
S66x8/17-150,-828.2615965382
S66x8/17-200,-828.2531468785
S66x8/18-A,-76.3236510962
S66x8/18-B,-247.7286340485
S66x8/18-090,-324.0661401055
S66x8/18-095,-324.0662639863
S66x8/18-100,-324.0658367059
S66x8/18-105,-324.0650870925
S66x8/18-110,-324.0641662128
S66x8/18-125,-324.061227441
S66x8/18-150,-324.0574775216
S66x8/18-200,-324.0541964622
S66x8/19-A,-115.5158129867
S66x8/19-B,-247.7286322382
S66x8/19-090,-363.258410441
S66x8/19-095,-363.2587755839
S66x8/19-100,-363.258510321
S66x8/19-105,-363.2578625324
S66x8/19-110,-363.2566834697
S66x8/19-125,-363.2540714891
S66x8/19-150,-363.2497703389
S66x8/19-200,-363.2461934484
S66x8/20-A,-228.7175965898
S66x8/20-B,-228.7176071732
S66x8/20-090,-457.4720799834
S66x8/20-095,-457.4731822703
S66x8/20-100,-457.4726913745
S66x8/20-105,-457.4712011272
S66x8/20-110,-457.4691253933
S66x8/20-125,-457.4616987445
S66x8/20-150,-457.4512595314
S66x8/20-200,-457.4410837347
S66x8/21-A,-208.8388363956
S66x8/21-B,-208.8388410583
S66x8/21-090,-417.7070528149
S66x8/21-095,-417.7080396109
S66x8/21-100,-417.7077182131
S66x8/21-105,-417.706572209
S66x8/21-110,-417.7049508367
S66x8/21-125,-417.6991781758
S66x8/21-150,-417.6910279332
S66x8/21-200,-417.6824996668
S66x8/22-A,-228.7175355166
S66x8/22-B,-414.1238579651
S66x8/22-090,-642.8769553176
S66x8/22-095,-642.8781430219
S66x8/22-100,-642.8778269856
S66x8/22-105,-642.8765472294
S66x8/22-110,-642.8746890741
S66x8/22-125,-642.8678884971
S66x8/22-150,-642.8579771892
S66x8/22-200,-642.8479902633
S66x8/23-A,-208.838739315
S66x8/23-B,-414.1237156786
S66x8/23-090,-622.9961850391
S66x8/23-095,-622.9973758418
S66x8/23-100,-622.9972045994
S66x8/23-105,-622.9961467686
S66x8/23-110,-622.9945477701
S66x8/23-125,-622.9885084123
S66x8/23-150,-622.9794169725
S66x8/23-200,-622.9698907843
S66x8/24-A,-231.6841452918
S66x8/24-B,-231.6840856197
S66x8/24-090,-463.3638028515
S66x8/24-095,-463.3672094737
S66x8/24-100,-463.3687284484
S66x8/24-105,-463.3692398684
S66x8/24-110,-463.369240249
S66x8/24-125,-463.3685384599
S66x8/24-150,-463.3679990179
S66x8/24-200,-463.3680822391
S66x8/25-A,-247.7285459974
S66x8/25-B,-247.7285917871
S66x8/25-090,-495.4548954686
S66x8/25-095,-495.4581821904
S66x8/25-100,-495.4596131809
S66x8/25-105,-495.4600110098
S66x8/25-110,-495.4599005863
S66x8/25-125,-495.4587998695
S66x8/25-150,-495.4576631885
S66x8/25-200,-495.4573159917
S66x8/26-A,-414.1241512093
S66x8/26-B,-414.1241511537
S66x8/26-090,-828.2578646677
S66x8/26-095,-828.260345934
S66x8/26-100,-828.2608129114
S66x8/26-105,-828.2601937053
S66x8/26-110,-828.259067477
S66x8/26-125,-828.2553415892
S66x8/26-150,-828.2515943616
S66x8/26-200,-828.2494551787
S66x8/27-A,-231.6841403809
S66x8/27-B,-247.728610727
S66x8/27-090,-479.4092628896
S66x8/27-095,-479.4128415597
S66x8/27-100,-479.4143305106
S66x8/27-105,-479.4147628881
S66x8/27-110,-479.4146676987
S66x8/27-125,-479.4137008535
S66x8/27-150,-479.4128240973
S66x8/27-200,-479.4126787242
S66x8/28-A,-231.6838984633
S66x8/28-B,-414.1247987148
S66x8/28-090,-645.8100522937
S66x8/28-095,-645.8129654887
S66x8/28-100,-645.8139714855
S66x8/28-105,-645.8139874301
S66x8/28-110,-645.8134958082
S66x8/28-125,-645.8114064212
S66x8/28-150,-645.8094664024
S66x8/28-200,-645.8087907718
S66x8/29-A,-247.7285110687
S66x8/29-B,-414.1247620534
S66x8/29-090,-661.8551731454
S66x8/29-095,-661.8592719034
S66x8/29-100,-661.8605156147
S66x8/29-105,-661.8603885201
S66x8/29-110,-661.8596432376
S66x8/29-125,-661.8570392176
S66x8/29-150,-661.8547922724
S66x8/29-200,-661.8537292505
S66x8/30-A,-231.6841146229
S66x8/30-B,-78.3768249589
S66x8/30-090,-310.0594908454
S66x8/30-095,-310.0609397282
S66x8/30-100,-310.0614880359
S66x8/30-105,-310.0615763084
S66x8/30-110,-310.0614588855
S66x8/30-125,-310.0609352016
S66x8/30-150,-310.0606600399
S66x8/30-200,-310.060814308
S66x8/31-A,-414.1248447169
S66x8/31-B,-78.3768196476
S66x8/31-090,-492.5043680781
S66x8/31-095,-492.5053562371
S66x8/31-100,-492.5055382291
S66x8/31-105,-492.5053099812
S66x8/31-110,-492.5049021113
S66x8/31-125,-492.5035723909
S66x8/31-150,-492.5023392754
S66x8/31-200,-492.5017659511
S66x8/32-A,-414.1248873495
S66x8/32-B,-77.1385849882
S66x8/32-090,-491.2668251907
S66x8/32-095,-491.2679369853
S66x8/32-100,-491.2681386896
S66x8/32-105,-491.2678659384
S66x8/32-110,-491.2673746371
S66x8/32-125,-491.2657735303
S66x8/32-150,-491.2642293549
S66x8/32-200,-491.2634307632
S66x8/33-A,-247.72863654
S66x8/33-B,-78.3767822956
S66x8/33-090,-326.1052398285
S66x8/33-095,-326.10642428
S66x8/33-100,-326.1068481385
S66x8/33-105,-326.1068663971
S66x8/33-110,-326.1066890411
S66x8/33-125,-326.105971695
S66x8/33-150,-326.1054248206
S66x8/33-200,-326.1053839997
S66x8/34-A,-197.2354846381
S66x8/34-B,-197.2353800444
S66x8/34-090,-394.4745095616
S66x8/34-095,-394.4753778987
S66x8/34-100,-394.4753718631
S66x8/34-105,-394.4749957883
S66x8/34-110,-394.4744471987
S66x8/34-125,-394.4727793443
S66x8/34-150,-394.4714361679
S66x8/34-200,-394.471065707
S66x8/35-A,-197.2354411307
S66x8/35-B,-197.2409446687
S66x8/35-090,-394.4785121541
S66x8/35-095,-394.4792953692
S66x8/35-100,-394.4793061469
S66x8/35-105,-394.4789668797
S66x8/35-110,-394.478557895
S66x8/35-125,-394.4774725818
S66x8/35-150,-394.4766520487
S66x8/35-200,-394.4764360836
S66x8/36-A,-197.240998347
S66x8/36-B,-197.2410190628
S66x8/36-090,-394.4832094148
S66x8/36-095,-394.4835370025
S66x8/36-100,-394.4835303681
S66x8/36-105,-394.4833511101
S66x8/36-110,-394.4831229238
S66x8/36-125,-394.4825010076
S66x8/36-150,-394.4820190063
S66x8/36-200,-394.4818978102
S66x8/37-A,-196.0448541937
S66x8/37-B,-197.2410099965
S66x8/37-090,-393.2875596138
S66x8/37-095,-393.2883109128
S66x8/37-100,-393.288384895
S66x8/37-105,-393.2881703215
S66x8/37-110,-393.2878444377
S66x8/37-125,-393.2868774024
S66x8/37-150,-393.2860749841
S66x8/37-200,-393.2858217726
S66x8/38-A,-196.0447821194
S66x8/38-B,-196.0448142359
S66x8/38-090,-392.0921631777
S66x8/38-095,-392.0928952543
S66x8/38-100,-392.092937701
S66x8/38-105,-392.0925888064
S66x8/38-110,-392.0921411226
S66x8/38-125,-392.0908177927
S66x8/38-150,-392.0898295395
S66x8/38-200,-392.0895641164
S66x8/39-A,-231.6840931169
S66x8/39-B,-196.0448287572
S66x8/39-090,-427.7296860839
S66x8/39-095,-427.731459043
S66x8/39-100,-427.7320653688
S66x8/39-105,-427.7320160196
S66x8/39-110,-427.731661109
S66x8/39-125,-427.7303334086
S66x8/39-150,-427.7291899349
S66x8/39-200,-427.7288446399
S66x8/40-A,-231.684071256
S66x8/40-B,-197.2410869341
S66x8/40-090,-428.9257917553
S66x8/40-095,-428.9271428476
S66x8/40-100,-428.9275512395
S66x8/40-105,-428.9275063883
S66x8/40-110,-428.927247613
S66x8/40-125,-428.9262521476
S66x8/40-150,-428.9253805437
S66x8/40-200,-428.9251212296
S66x8/41-A,-414.1248082011
S66x8/41-B,-197.2354318143
S66x8/41-090,-611.3642423558
S66x8/41-095,-611.365427577
S66x8/41-100,-611.3655268603
S66x8/41-105,-611.3650949407
S66x8/41-110,-611.3642858458
S66x8/41-125,-611.3620451194
S66x8/41-150,-611.3605839093
S66x8/41-200,-611.3602447585
S66x8/42-A,-414.1248005992
S66x8/42-B,-196.0447744798
S66x8/42-090,-610.1722439169
S66x8/42-095,-610.1735863648
S66x8/42-100,-610.1738012031
S66x8/42-105,-610.1734792562
S66x8/42-110,-610.1729246873
S66x8/42-125,-610.1712619949
S66x8/42-150,-610.1699532306
S66x8/42-200,-610.1695872274
S66x8/43-A,-414.1248201172
S66x8/43-B,-197.2408151033
S66x8/43-090,-611.3685067208
S66x8/43-095,-611.3695516466
S66x8/43-100,-611.3696483394
S66x8/43-105,-611.36931567
S66x8/43-110,-611.3687983549
S66x8/43-125,-611.3672896061
S66x8/43-150,-611.366071676
S66x8/43-200,-611.3656469351
S66x8/44-A,-78.37682361
S66x8/44-B,-197.2355542908
S66x8/44-090,-275.6148471109
S66x8/44-095,-275.6150633215
S66x8/44-100,-275.6148655855
S66x8/44-105,-275.6145266871
S66x8/44-110,-275.6141534558
S66x8/44-125,-275.6132079028
S66x8/44-150,-275.6125095995
S66x8/44-200,-275.6123242165
S66x8/45-A,-77.1385878245
S66x8/45-B,-197.2355046196
S66x8/45-090,-274.3752749015
S66x8/45-095,-274.3758689879
S66x8/45-100,-274.3759304514
S66x8/45-105,-274.3757487766
S66x8/45-110,-274.3754714953
S66x8/45-125,-274.3746827604
S66x8/45-150,-274.3740726234
S66x8/45-200,-274.3738415806
S66x8/46-A,-248.0445910239
S66x8/46-B,-197.2353621169
S66x8/46-090,-445.2852633998
S66x8/46-095,-445.2856740295
S66x8/46-100,-445.2854967579
S66x8/46-105,-445.2850249458
S66x8/46-110,-445.2844195611
S66x8/46-125,-445.2825993215
S66x8/46-150,-445.2807890311
S66x8/46-200,-445.2801673587
S66x8/47-A,-231.6840421011
S66x8/47-B,-231.6838557501
S66x8/47-090,-463.368765602
S66x8/47-095,-463.3703276281
S66x8/47-100,-463.3708691191
S66x8/47-105,-463.3708559183
S66x8/47-110,-463.370601044
S66x8/47-125,-463.3695559772
S66x8/47-150,-463.3685578369
S66x8/47-200,-463.3681452659
S66x8/48-A,-247.7285490649
S66x8/48-B,-247.7284781823
S66x8/48-090,-495.4598087083
S66x8/48-095,-495.4610189841
S66x8/48-100,-495.4613533007
S66x8/48-105,-495.4612160004
S66x8/48-110,-495.4608559656
S66x8/48-125,-495.4595147709
S66x8/48-150,-495.4581133363
S66x8/48-200,-495.4573667748
S66x8/49-A,-231.6840433429
S66x8/49-B,-247.728551999
S66x8/49-090,-479.414218439
S66x8/49-095,-479.4157651108
S66x8/49-100,-479.4162745502
S66x8/49-105,-479.4162182506
S66x8/49-110,-479.4159018762
S66x8/49-125,-479.4146829076
S66x8/49-150,-479.4134852162
S66x8/49-200,-479.41287926
S66x8/50-A,-231.6840188292
S66x8/50-B,-77.1386968289
S66x8/50-090,-308.8251591151
S66x8/50-095,-308.8262442679
S66x8/50-100,-308.8264861555
S66x8/50-105,-308.8262859921
S66x8/50-110,-308.8258903531
S66x8/50-125,-308.8245974946
S66x8/50-150,-308.8233821832
S66x8/50-200,-308.8227138377
S66x8/51-A,-77.138605546
S66x8/51-B,-77.1387088016
S66x8/51-090,-154.2796372126
S66x8/51-095,-154.2798778093
S66x8/51-100,-154.2798235606
S66x8/51-105,-154.2796210293
S66x8/51-110,-154.2793562212
S66x8/51-125,-154.2785739968
S66x8/51-150,-154.2778082593
S66x8/51-200,-154.2773754727
S66x8/52-A,-231.6840158547
S66x8/52-B,-228.7191387674
S66x8/52-090,-460.4093579576
S66x8/52-095,-460.4100764602
S66x8/52-100,-460.4100932011
S66x8/52-105,-460.4097158182
S66x8/52-110,-460.4091487925
S66x8/52-125,-460.4072741527
S66x8/52-150,-460.4051690575
S66x8/52-200,-460.4037516887
S66x8/53-A,-231.6840236595
S66x8/53-B,-208.8395563639
S66x8/53-090,-440.5295973496
S66x8/53-095,-440.5301395075
S66x8/53-100,-440.5301108632
S66x8/53-105,-440.5297643539
S66x8/53-110,-440.5292573622
S66x8/53-125,-440.5275462965
S66x8/53-150,-440.525533032
S66x8/53-200,-440.5240431154
S66x8/54-A,-231.6839944415
S66x8/54-B,-76.3235316721
S66x8/54-090,-308.0131094647
S66x8/54-095,-308.0134619255
S66x8/54-100,-308.0133154119
S66x8/54-105,-308.012912788
S66x8/54-110,-308.0123966645
S66x8/54-125,-308.0108590213
S66x8/54-150,-308.0092456913
S66x8/54-200,-308.0081269336
S66x8/55-A,-231.6839556556
S66x8/55-B,-115.5159844168
S66x8/55-090,-347.2054776279
S66x8/55-095,-347.2062018557
S66x8/55-100,-347.2062476233
S66x8/55-105,-347.2059143119
S66x8/55-110,-347.2053991036
S66x8/55-125,-347.2036909655
S66x8/55-150,-347.2018054106
S66x8/55-200,-347.2005776864
S66x8/56-A,-231.6840366593
S66x8/56-B,-95.6416723711
S66x8/56-090,-327.3289692288
S66x8/56-095,-327.3297807684
S66x8/56-100,-327.329942664
S66x8/56-105,-327.3297113471
S66x8/56-110,-327.3292809055
S66x8/56-125,-327.3279102233
S66x8/56-150,-327.3266308864
S66x8/56-200,-327.3259892203
S66x8/57-A,-231.6839643767
S66x8/57-B,-248.0445371239
S66x8/57-090,-479.7327213689
S66x8/57-095,-479.7345752522
S66x8/57-100,-479.7350864906
S66x8/57-105,-479.7348939446
S66x8/57-110,-479.7343542889
S66x8/57-125,-479.7324233002
S66x8/57-150,-479.7303969323
S66x8/57-200,-479.7292054694
S66x8/58-A,-247.7285535487
S66x8/58-B,-247.7284766089
S66x8/58-090,-495.462583991
S66x8/58-095,-495.4638130791
S66x8/58-100,-495.4639157059
S66x8/58-105,-495.4632325895
S66x8/58-110,-495.4623509768
S66x8/58-125,-495.4601056136
S66x8/58-150,-495.4582968317
S66x8/58-200,-495.4573735941
S66x8/59-A,-77.1387986236
S66x8/59-B,-76.3236371197
S66x8/59-090,-153.4681748331
S66x8/59-095,-153.4682329338
S66x8/59-100,-153.4679808829
S66x8/59-105,-153.4675650249
S66x8/59-110,-153.467071773
S66x8/59-125,-153.4655988201
S66x8/59-150,-153.4639148422
S66x8/59-200,-153.4626280424
S66x8/60-A,-77.1386070262
S66x8/60-B,-228.7191359059
S66x8/60-090,-305.8668239474
S66x8/60-095,-305.8670962356
S66x8/60-100,-305.8667917612
S66x8/60-105,-305.8661711134
S66x8/60-110,-305.8654000313
S66x8/60-125,-305.8630278123
S66x8/60-150,-305.8603290426
S66x8/60-200,-305.8584134658
S66x8/61-A,-197.2354071136
S66x8/61-B,-228.7191666784
S66x8/61-090,-425.9584739977
S66x8/61-095,-425.9585517867
S66x8/61-100,-425.9583430435
S66x8/61-105,-425.9579871518
S66x8/61-110,-425.9575636705
S66x8/61-125,-425.9563317752
S66x8/61-150,-425.9550601235
S66x8/61-200,-425.9546600952
S66x8/62-A,-197.2355006262
S66x8/62-B,-208.8395246058
S66x8/62-090,-406.0797492556
S66x8/62-095,-406.0799705519
S66x8/62-100,-406.0797349385
S66x8/62-105,-406.0792727205
S66x8/62-110,-406.0787189537
S66x8/62-125,-406.0771654084
S66x8/62-150,-406.075759345
S66x8/62-200,-406.0751462317
S66x8/63-A,-231.6840981978
S66x8/63-B,-228.7191143318
S66x8/63-090,-460.4061359112
S66x8/63-095,-460.4074541016
S66x8/63-100,-460.4077229039
S66x8/63-105,-460.4074807953
S66x8/63-110,-460.4070203032
S66x8/63-125,-460.4054617545
S66x8/63-150,-460.4040048434
S66x8/63-200,-460.4033587944
S66x8/64-A,-248.0445324387
S66x8/64-B,-78.3769553246
S66x8/64-090,-326.4256634577
S66x8/64-095,-326.4259637415
S66x8/64-100,-326.4258322886
S66x8/64-105,-326.4254727627
S66x8/64-110,-326.4250092742
S66x8/64-125,-326.4236381686
S66x8/64-150,-326.4222119843
S66x8/64-200,-326.4215094812
S66x8/65-A,-247.7286248317
S66x8/65-B,-77.1380017782
S66x8/65-090,-324.874226595
S66x8/65-095,-324.8745207749
S66x8/65-100,-324.8743961994
S66x8/65-105,-324.8740250263
S66x8/65-110,-324.8735251832
S66x8/65-125,-324.8718611914
S66x8/65-150,-324.8697894909
S66x8/65-200,-324.8681606309
S66x8/66-A,-95.6416318364
S66x8/66-B,-247.7285838107
S66x8/66-090,-343.3759799664
S66x8/66-095,-343.376432426
S66x8/66-100,-343.3763872306
S66x8/66-105,-343.3760521039
S66x8/66-110,-343.3755666733
S66x8/66-125,-343.3739463231
S66x8/66-150,-343.3720686835
S66x8/66-200,-343.3708128957
NCIBLIND10/01-A,-231.6816381271
NCIBLIND10/01-B,-40.390207003
NCIBLIND10/01-1,-272.0714731607
NCIBLIND10/01-2,-272.0735796555
NCIBLIND10/01-3,-272.072340258
NCIBLIND10/01-4,-272.0719440916
NCIBLIND10/01-5,-272.0718767287
NCIBLIND10/01-6,-272.0718595013
NCIBLIND10/01-7,-272.0718485813
NCIBLIND10/02-A,-231.6835481742
NCIBLIND10/02-B,-76.3236988571
NCIBLIND10/02-1,-308.0021486856
NCIBLIND10/02-2,-308.0129304104
NCIBLIND10/02-3,-308.0121012205
NCIBLIND10/02-4,-308.010319946
NCIBLIND10/02-5,-308.0091449342
NCIBLIND10/02-6,-308.0084655332
NCIBLIND10/02-7,-308.0078296871
NCIBLIND10/02-8,-308.0075783628
NCIBLIND10/02-9,-308.007453064
NCIBLIND10/03-A,-154.7333150813
NCIBLIND10/03-B,-154.7332802358
NCIBLIND10/03-1,-309.4707208199
NCIBLIND10/03-2,-309.4717760301
NCIBLIND10/03-3,-309.4683452142
NCIBLIND10/03-4,-309.4671146064
NCIBLIND10/03-5,-309.4668217631
NCIBLIND10/03-6,-309.466721366
NCIBLIND10/03-7,-309.4666788741
NCIBLIND10/04-A,-598.6137403028
NCIBLIND10/04-B,-598.6149887277
NCIBLIND10/04-1,-1197.2440238971
NCIBLIND10/04-2,-1197.2484346755
NCIBLIND10/04-3,-1197.2408537886
NCIBLIND10/04-4,-1197.234471292
NCIBLIND10/04-5,-1197.2317873371
NCIBLIND10/04-6,-1197.2304928524
NCIBLIND10/04-7,-1197.2297791455
NCIBLIND10/04-8,-1197.2293675103
NCIBLIND10/05-A,-597.4642335921
NCIBLIND10/05-B,-597.4645883077
NCIBLIND10/05-1,-1194.9497614689
NCIBLIND10/05-2,-1194.9510071177
NCIBLIND10/05-3,-1194.9411377247
NCIBLIND10/05-4,-1194.9356851489
NCIBLIND10/05-5,-1194.933296289
NCIBLIND10/05-6,-1194.9319628318
NCIBLIND10/06-A,-225.7629138373
NCIBLIND10/06-B,-225.7638365618
NCIBLIND10/06-1,-451.5390305799
NCIBLIND10/06-2,-451.5445168114
NCIBLIND10/06-3,-451.5355368478
NCIBLIND10/06-4,-451.530672035
NCIBLIND10/06-5,-451.5289124778
NCIBLIND10/06-6,-451.5280894401
NCIBLIND10/06-7,-451.5276438704
NCIBLIND10/07-A,-228.6908381817
NCIBLIND10/07-B,-228.6911572356
NCIBLIND10/07-1,-457.3880682848
NCIBLIND10/07-2,-457.3882067423
NCIBLIND10/07-3,-457.3841911383
NCIBLIND10/07-4,-457.3827025377
NCIBLIND10/07-5,-457.3822835276
NCIBLIND10/07-6,-457.3821226549
NCIBLIND10/08-A,-435.9465724201
NCIBLIND10/08-B,-435.9465658602
NCIBLIND10/08-1,-871.8870704961
NCIBLIND10/08-2,-871.8985196877
NCIBLIND10/08-3,-871.8970317406
NCIBLIND10/08-4,-871.8946562773
NCIBLIND10/08-5,-871.8940788435
NCIBLIND10/08-6,-871.8938163485
NCIBLIND10/08-7,-871.8938433376
NCIBLIND10/09-A,-244.6487135473
NCIBLIND10/09-B,-244.6486006688
NCIBLIND10/09-1,-489.3048991369
NCIBLIND10/09-2,-489.3085724804
NCIBLIND10/09-3,-489.3025836016
NCIBLIND10/09-4,-489.2996603139
NCIBLIND10/09-5,-489.2986342205
NCIBLIND10/09-6,-489.2981431981
NCIBLIND10/09-7,-489.2978743144
NCIBLIND10/10-A,-76.3237351162
NCIBLIND10/10-B,-76.3234543262
NCIBLIND10/10-1,-152.6408761396
NCIBLIND10/10-2,-152.6569424776
NCIBLIND10/10-3,-152.6582960971
NCIBLIND10/10-4,-152.6561538474
NCIBLIND10/10-5,-152.6537742257
NCIBLIND10/10-6,-152.6509615278
NCIBLIND10/10-7,-152.6497455461
NCIBLIND10/10-8,-152.648951588
NCIBLIND10/10-9,-152.6484951228
NCIBLIND10/10-10,-152.6482101045
NCIBLIND10/10-11,-152.6480218482
NCIBLIND10/10-12,-152.647894106
NCIBLIND10/10-13,-152.647804821
NCIBLIND10/10-14,-152.647738637
NCIBLIND10/10-15,-152.6476899799
NCIBLIND10/10-16,-152.6476515635
