system,M06-2x/def2-QZVP/ORCA
S22x5/01-A,-467.3606983231
S22x5/01-B,-454.1768351879
S22x5/01-0.9,-921.5597533266
S22x5/01-1.0,-921.5617898311
S22x5/01-1.2,-921.5571673238
S22x5/01-1.5,-921.5481004593
S22x5/01-2.0,-921.5412389166
S22x5/02-A,-467.3601415608
S22x5/02-B,-454.177875139
S22x5/02-0.9,-921.551239931
S22x5/02-1.0,-921.557285016
S22x5/02-1.2,-921.5480520161
S22x5/02-1.5,-921.5416229149
S22x5/02-2.0,-921.5389906733
S22x5/03-A,-56.5579926631
S22x5/03-B,-56.5579926659
S22x5/03-0.9,-113.1201317908
S22x5/03-1.0,-113.1211331372
S22x5/03-1.2,-113.1195993862
S22x5/03-1.5,-113.1178077401
S22x5/03-2.0,-113.1165518866
S22x5/04-A,-76.4360541814
S22x5/04-B,-76.4360934046
S22x5/04-0.9,-152.8795029553
S22x5/04-1.0,-152.8805186168
S22x5/04-1.2,-152.8788303528
S22x5/04-1.5,-152.8759601395
S22x5/04-2.0,-152.8738026236
S22x5/05-A,-40.506483589
S22x5/05-B,-40.506483587
S22x5/05-0.9,-81.013566415
S22x5/05-1.0,-81.0136340104
S22x5/05-1.2,-81.0133481163
S22x5/05-1.5,-81.0130380831
S22x5/05-2.0,-81.0129678
S22x5/06-A,-78.5807729166
S22x5/06-B,-78.5807729231
S22x5/06-0.9,-157.1635282775
S22x5/06-1.0,-157.16381868
S22x5/06-1.2,-157.1626357252
S22x5/06-1.5,-157.1618382227
S22x5/06-2.0,-157.1615553632
S22x5/07-A,-78.5807531111
S22x5/07-B,-77.3323988954
S22x5/07-0.9,-155.9148200594
S22x5/07-1.0,-155.915256367
S22x5/07-1.2,-155.9146742315
S22x5/07-1.5,-155.9139425727
S22x5/07-2.0,-155.9133693141
S22x5/08-A,-189.7826844529
S22x5/08-B,-189.7826844669
S22x5/08-0.9,-379.5938402522
S22x5/08-1.0,-379.5963351181
S22x5/08-1.2,-379.5912259491
S22x5/08-1.5,-379.5803391698
S22x5/08-2.0,-379.5712845679
S22x5/09-A,-169.9074050729
S22x5/09-B,-169.9074050817
S22x5/09-0.9,-339.8376508698
S22x5/09-1.0,-339.8402323709
S22x5/09-1.2,-339.8361747707
S22x5/09-1.5,-339.8275210585
S22x5/09-2.0,-339.8205983735
S22x5/10-A,-232.246275974
S22x5/10-B,-76.4359594245
S22x5/10-0.9,-308.6880757552
S22x5/10-1.0,-308.6881303943
S22x5/10-1.2,-308.6863427007
S22x5/10-1.5,-308.6844466414
S22x5/10-2.0,-308.6830366347
S22x5/11-A,-232.246305563
S22x5/11-B,-56.5579096156
S22x5/11-0.9,-288.8077485968
S22x5/11-1.0,-288.8079474847
S22x5/11-1.2,-288.8066994987
S22x5/11-1.5,-288.8054854427
S22x5/11-2.0,-288.8046084158
S22x5/12-A,-232.2463573877
S22x5/12-B,-40.5065252661
S22x5/12-0.9,-272.7544985241
S22x5/12-1.0,-272.7549952366
S22x5/12-1.2,-272.7541895277
S22x5/12-1.5,-272.7534655969
S22x5/12-2.0,-272.7530016061
S22x5/13-A,-232.2463380824
S22x5/13-B,-232.2463331881
S22x5/13-0.9,-464.4953308624
S22x5/13-1.0,-464.4961393407
S22x5/13-1.2,-464.4951453373
S22x5/13-1.5,-464.4938707701
S22x5/13-2.0,-464.4930366506
S22x5/14-A,-232.2462979986
S22x5/14-B,-232.2462980014
S22x5/14-0.9,-464.492660289
S22x5/14-1.0,-464.4965742272
S22x5/14-1.2,-464.4943048034
S22x5/14-1.5,-464.4929799672
S22x5/14-2.0,-464.4926538557
S22x5/15-A,-232.2462508628
S22x5/15-B,-363.8300076933
S22x5/15-0.9,-596.0829039671
S22x5/15-1.0,-596.0841272269
S22x5/15-1.2,-596.0825442888
S22x5/15-1.5,-596.0797993935
S22x5/15-2.0,-596.077692969
S22x5/16-A,-232.2462988323
S22x5/16-B,-363.8299917369
S22x5/16-0.9,-596.0783018219
S22x5/16-1.0,-596.0832767002
S22x5/16-1.2,-596.0794433163
S22x5/16-1.5,-596.0766143673
S22x5/16-2.0,-596.0760435975
S22x5/17-A,-264.3246255037
S22x5/17-B,-264.3246270984
S22x5/17-0.9,-528.6511968886
S22x5/17-1.0,-528.6555638697
S22x5/17-1.2,-528.652382741
S22x5/17-1.5,-528.6502281204
S22x5/17-2.0,-528.6494396907
S22x5/18-A,-323.5367784593
S22x5/18-B,-303.6627117798
S22x5/18-0.9,-627.2223134206
S22x5/18-1.0,-627.2247074107
S22x5/18-1.2,-627.220507057
S22x5/18-1.5,-627.2114740632
S22x5/18-2.0,-627.2043921354
S22x5/19-A,-307.485039988
S22x5/19-B,-307.4850148005
S22x5/19-0.9,-614.9795336682
S22x5/19-1.0,-614.980556345
S22x5/19-1.2,-614.978177415
S22x5/19-1.5,-614.9745273144
S22x5/19-2.0,-614.9718837776
S22x5/20-A,-414.860521166
S22x5/20-B,-414.8605211905
S22x5/20-0.9,-829.7331895665
S22x5/20-1.0,-829.7366503094
S22x5/20-1.2,-829.7289196579
S22x5/20-1.5,-829.7241949774
S22x5/20-2.0,-829.7219409572
S22x5/21-A,-414.8597162654
S22x5/21-B,-414.8597162766
S22x5/21-0.9,-829.7484828922
S22x5/21-1.0,-829.7510210287
S22x5/21-1.2,-829.7458855476
S22x5/21-1.5,-829.7352536515
S22x5/21-2.0,-829.7265424656
S22x5/22-A,-232.2462825089
S22x5/22-B,-93.4304403128
S22x5/22-0.9,-325.6838125958
S22x5/22-1.0,-325.6843729564
S22x5/22-1.2,-325.6825264212
S22x5/22-1.5,-325.6800342346
S22x5/22-2.0,-325.6780823024
S66x8/01-A,-76.4360725531
S66x8/01-B,-76.4360593184
S66x8/01-090,-152.8799548372
S66x8/01-095,-152.8803956363
S66x8/01-100,-152.880349882
S66x8/01-105,-152.8800008715
S66x8/01-110,-152.8794791359
S66x8/01-125,-152.8777356937
S66x8/01-150,-152.8756201909
S66x8/01-200,-152.8736028752
S66x8/02-A,-76.4360815723
S66x8/02-B,-115.7278020454
S66x8/02-090,-192.1724396511
S66x8/02-095,-192.1729372743
S66x8/02-100,-192.1729052782
S66x8/02-105,-192.1725404456
S66x8/02-110,-192.1719746755
S66x8/02-125,-192.1700096517
S66x8/02-150,-192.1675729035
S66x8/02-200,-192.1653811604
S66x8/03-A,-76.4360951215
S66x8/03-B,-95.8545363533
S66x8/03-090,-172.3009959426
S66x8/03-095,-172.3015459815
S66x8/03-100,-172.3015220216
S66x8/03-105,-172.3011292156
S66x8/03-110,-172.3005233398
S66x8/03-125,-172.2982124628
S66x8/03-150,-172.2950856498
S66x8/03-200,-172.2923345706
S66x8/04-A,-76.4360934802
S66x8/04-B,-248.5338153539
S66x8/04-090,-324.9828478975
S66x8/04-095,-324.9833760809
S66x8/04-100,-324.9833096705
S66x8/04-105,-324.9828380396
S66x8/04-110,-324.9821241659
S66x8/04-125,-324.9795219501
S66x8/04-150,-324.9759523805
S66x8/04-200,-324.9722040788
S66x8/05-A,-115.7277203895
S66x8/05-B,-115.727837026
S66x8/05-090,-231.4640006513
S66x8/05-095,-231.4645941129
S66x8/05-100,-231.4646400493
S66x8/05-105,-231.4643364563
S66x8/05-110,-231.4638139884
S66x8/05-125,-231.4618972824
S66x8/05-150,-231.4594079574
S66x8/05-200,-231.4571645346
S66x8/06-A,-115.7274851098
S66x8/06-B,-95.8545397747
S66x8/06-090,-211.5932402799
S66x8/06-095,-211.5939130509
S66x8/06-100,-211.5939685271
S66x8/06-105,-211.5936066454
S66x8/06-110,-211.5929947318
S66x8/06-125,-211.5905524402
S66x8/06-150,-211.5871026377
S66x8/06-200,-211.5840637201
S66x8/07-A,-115.7275761033
S66x8/07-B,-248.5339542851
S66x8/07-090,-364.2741937836
S66x8/07-095,-364.274878253
S66x8/07-100,-364.2749165005
S66x8/07-105,-364.2745232438
S66x8/07-110,-364.2738631395
S66x8/07-125,-364.2712633862
S66x8/07-150,-364.2671277231
S66x8/07-200,-364.2632879383
S66x8/08-A,-115.7277506634
S66x8/08-B,-76.4360647607
S66x8/08-090,-192.1715039285
S66x8/08-095,-192.1720352932
S66x8/08-100,-192.1720600945
S66x8/08-105,-192.1717680889
S66x8/08-110,-192.1712793755
S66x8/08-125,-192.16957135
S66x8/08-150,-192.1674177787
S66x8/08-200,-192.1653831173
S66x8/09-A,-95.8544584352
S66x8/09-B,-115.7278187258
S66x8/09-090,-211.5864740355
S66x8/09-095,-211.5867432923
S66x8/09-100,-211.5866980971
S66x8/09-105,-211.5864699324
S66x8/09-110,-211.5861370949
S66x8/09-125,-211.5851158137
S66x8/09-150,-211.5839846802
S66x8/09-200,-211.5829211872
S66x8/10-A,-95.8544626204
S66x8/10-B,-95.8545099233
S66x8/10-090,-191.7150659396
S66x8/10-095,-191.7155621168
S66x8/10-100,-191.7155249043
S66x8/10-105,-191.7151518733
S66x8/10-110,-191.7146168803
S66x8/10-125,-191.713009219
S66x8/10-150,-191.7109686468
S66x8/10-200,-191.7095738472
S66x8/11-A,-95.8542932606
S66x8/11-B,-248.5341117852
S66x8/11-090,-344.3969311592
S66x8/11-095,-344.3973636997
S66x8/11-100,-344.3972524105
S66x8/11-105,-344.3967772517
S66x8/11-110,-344.3961182476
S66x8/11-125,-344.3931491598
S66x8/11-150,-344.3906907019
S66x8/11-200,-344.3892297245
S66x8/12-A,-95.8545118093
S66x8/12-B,-76.4356575182
S66x8/12-090,-172.3017229117
S66x8/12-095,-172.3023443983
S66x8/12-100,-172.3023457922
S66x8/12-105,-172.3019271259
S66x8/12-110,-172.3012740834
S66x8/12-125,-172.2987578675
S66x8/12-150,-172.2953345819
S66x8/12-200,-172.2923786931
S66x8/13-A,-248.5341307382
S66x8/13-B,-115.7278261767
S66x8/13-090,-364.2708725806
S66x8/13-095,-364.2715083147
S66x8/13-100,-364.2715838178
S66x8/13-105,-364.2712621143
S66x8/13-110,-364.2707236742
S66x8/13-125,-364.268829008
S66x8/13-150,-364.2664425386
S66x8/13-200,-364.2640368105
S66x8/14-A,-248.5339193228
S66x8/14-B,-95.8544981451
S66x8/14-090,-344.3989682439
S66x8/14-095,-344.3997459671
S66x8/14-100,-344.3998671923
S66x8/14-105,-344.3995756155
S66x8/14-110,-344.3990170557
S66x8/14-125,-344.396784897
S66x8/14-150,-344.3936452839
S66x8/14-200,-344.390732901
S66x8/15-A,-248.5337271461
S66x8/15-B,-248.5338361932
S66x8/15-090,-497.0799719527
S66x8/15-095,-497.0807662649
S66x8/15-100,-497.0808829505
S66x8/15-105,-497.0805428724
S66x8/15-110,-497.0799077286
S66x8/15-125,-497.0774756768
S66x8/15-150,-497.0740334826
S66x8/15-200,-497.0702751834
S66x8/16-A,-248.5339080492
S66x8/16-B,-76.4360686974
S66x8/16-090,-324.9775272334
S66x8/16-095,-324.9780968197
S66x8/16-100,-324.9781489808
S66x8/16-105,-324.9778693783
S66x8/16-110,-324.9774617057
S66x8/16-125,-324.9759195243
S66x8/16-150,-324.9739672968
S66x8/16-200,-324.971879275
S66x8/17-A,-414.8599387648
S66x8/17-B,-414.8600775898
S66x8/17-090,-829.7442959079
S66x8/17-095,-829.7460343924
S66x8/17-100,-829.7464405343
S66x8/17-105,-829.7459564806
S66x8/17-110,-829.7448747123
S66x8/17-125,-829.7400132196
S66x8/17-150,-829.7323899351
S66x8/17-200,-829.7251567424
S66x8/18-A,-76.4360858829
S66x8/18-B,-248.2874253026
S66x8/18-090,-324.7333106393
S66x8/18-095,-324.7339221886
S66x8/18-100,-324.7339506352
S66x8/18-105,-324.7335946672
S66x8/18-110,-324.7330242776
S66x8/18-125,-324.7308111456
S66x8/18-150,-324.7278343073
S66x8/18-200,-324.7251994015
S66x8/19-A,-115.7274880785
S66x8/19-B,-248.2874202494
S66x8/19-090,-364.0250179138
S66x8/19-095,-364.0257802629
S66x8/19-100,-364.0259170226
S66x8/19-105,-364.0256213818
S66x8/19-110,-364.0250818991
S66x8/19-125,-364.022836279
S66x8/19-150,-364.0196180832
S66x8/19-200,-364.0167415783
S66x8/20-A,-229.1064283297
S66x8/20-B,-229.1064319461
S66x8/20-090,-458.2425335909
S66x8/20-095,-458.2440955845
S66x8/20-100,-458.2442197358
S66x8/20-105,-458.243420114
S66x8/20-110,-458.2420566714
S66x8/20-125,-458.2364705959
S66x8/20-150,-458.2273984179
S66x8/20-200,-458.218571794
S66x8/21-A,-209.2285799894
S66x8/21-B,-209.2285818248
S66x8/21-090,-418.4808277643
S66x8/21-095,-418.4824597535
S66x8/21-100,-418.4828119224
S66x8/21-105,-418.4822933054
S66x8/21-110,-418.4812050001
S66x8/21-125,-418.4765266118
S66x8/21-150,-418.4693968977
S66x8/21-200,-418.4620107314
S66x8/22-A,-229.1063860496
S66x8/22-B,-414.8597991505
S66x8/22-090,-643.9953352884
S66x8/22-095,-643.9970231351
S66x8/22-100,-643.9973200432
S66x8/22-105,-643.9966956485
S66x8/22-110,-643.9954734464
S66x8/22-125,-643.9900989723
S66x8/22-150,-643.9813916998
S66x8/22-200,-643.9727291994
S66x8/23-A,-209.2284622963
S66x8/23-B,-414.8596296324
S66x8/23-090,-624.1161740104
S66x8/23-095,-624.1178743223
S66x8/23-100,-624.1182681808
S66x8/23-105,-624.1177696259
S66x8/23-110,-624.1166908596
S66x8/23-125,-624.1117876168
S66x8/23-150,-624.1037573092
S66x8/23-200,-624.0954817075
S66x8/24-A,-232.2463930402
S66x8/24-B,-232.2463519515
S66x8/24-090,-464.4929902561
S66x8/24-095,-464.4958917892
S66x8/24-100,-464.4966342383
S66x8/24-105,-464.4962474732
S66x8/24-110,-464.4954955211
S66x8/24-125,-464.4936987588
S66x8/24-150,-464.4928894947
S66x8/24-200,-464.4926054131
S66x8/25-A,-248.2873775405
S66x8/25-B,-248.2874069095
S66x8/25-090,-496.5768431448
S66x8/25-095,-496.5796996506
S66x8/25-100,-496.5803466439
S66x8/25-105,-496.5800900564
S66x8/25-110,-496.5792331897
S66x8/25-125,-496.5770326203
S66x8/25-150,-496.5756390591
S66x8/25-200,-496.5749339021
S66x8/26-A,-414.8605211396
S66x8/26-B,-414.8605211354
S66x8/26-090,-829.7349446385
S66x8/26-095,-829.7369409295
S66x8/26-100,-829.7366501257
S66x8/26-105,-829.7352434148
S66x8/26-110,-829.7334017799
S66x8/26-125,-829.728631782
S66x8/26-150,-829.7249695693
S66x8/26-200,-829.7222883722
S66x8/27-A,-232.2463812302
S66x8/27-B,-248.2874214925
S66x8/27-090,-480.5348729381
S66x8/27-095,-480.5379307066
S66x8/27-100,-480.5387611927
S66x8/27-105,-480.5382968279
S66x8/27-110,-480.5374728505
S66x8/27-125,-480.5354400492
S66x8/27-150,-480.5342959661
S66x8/27-200,-480.5337932237
S66x8/28-A,-232.2462652355
S66x8/28-B,-414.8611497633
S66x8/28-090,-647.1139293065
S66x8/28-095,-647.1162222107
S66x8/28-100,-647.1165776588
S66x8/28-105,-647.1154576677
S66x8/28-110,-647.1141539935
S66x8/28-125,-647.1107517481
S66x8/28-150,-647.1086138742
S66x8/28-200,-647.1074560362
S66x8/29-A,-248.2873564134
S66x8/29-B,-414.8611101141
S66x8/29-090,-663.1550614181
S66x8/29-095,-663.1586863669
S66x8/29-100,-663.1590124039
S66x8/29-105,-663.1578235715
S66x8/29-110,-663.1563644326
S66x8/29-125,-663.1527044462
S66x8/29-150,-663.150369578
S66x8/29-200,-663.1488842333
S66x8/30-A,-232.2463717995
S66x8/30-B,-78.5808478225
S66x8/30-090,-310.8281791216
S66x8/30-095,-310.8293378343
S66x8/30-100,-310.8294428687
S66x8/30-105,-310.8290617028
S66x8/30-110,-310.8285914786
S66x8/30-125,-310.8275435495
S66x8/30-150,-310.8271818626
S66x8/30-200,-310.8270767187
S66x8/31-A,-414.8611864492
S66x8/31-B,-78.5807996451
S66x8/31-090,-493.4469411653
S66x8/31-095,-493.4476098228
S66x8/31-100,-493.4473426174
S66x8/31-105,-493.4467305454
S66x8/31-110,-493.4460270588
S66x8/31-125,-493.4443164398
S66x8/31-150,-493.4430585412
S66x8/31-200,-493.4421854623
S66x8/32-A,-414.861232834
S66x8/32-B,-77.3320767437
S66x8/32-090,-492.1983860393
S66x8/32-095,-492.199334925
S66x8/32-100,-492.1991759708
S66x8/32-105,-492.1985302345
S66x8/32-110,-492.1977840782
S66x8/32-125,-492.1958874665
S66x8/32-150,-492.1944125419
S66x8/32-200,-492.1933325902
S66x8/33-A,-248.2874427279
S66x8/33-B,-78.5808251557
S66x8/33-090,-326.8702808886
S66x8/33-095,-326.8711195537
S66x8/33-100,-326.8711830866
S66x8/33-105,-326.8708555422
S66x8/33-110,-326.870295198
S66x8/33-125,-326.8690965416
S66x8/33-150,-326.8685115024
S66x8/33-200,-326.8682208918
S66x8/34-A,-197.748785373
S66x8/34-B,-197.7488149787
S66x8/34-090,-395.5036370629
S66x8/34-095,-395.5038909744
S66x8/34-100,-395.5032776379
S66x8/34-105,-395.5025375832
S66x8/34-110,-395.5017074314
S66x8/34-125,-395.5003192881
S66x8/34-150,-395.4989521785
S66x8/34-200,-395.4980520315
S66x8/35-A,-197.7487957639
S66x8/35-B,-197.7545649064
S66x8/35-090,-395.5060762404
S66x8/35-095,-395.5067837377
S66x8/35-100,-395.5066632931
S66x8/35-105,-395.5062519693
S66x8/35-110,-395.5058075889
S66x8/35-125,-395.5049362641
S66x8/35-150,-395.5041053523
S66x8/35-200,-395.5035135064
S66x8/36-A,-197.7545603747
S66x8/36-B,-197.7545507016
S66x8/36-090,-395.5102238417
S66x8/36-095,-395.5105176577
S66x8/36-100,-395.5105639125
S66x8/36-105,-395.5104769675
S66x8/36-110,-395.5103078167
S66x8/36-125,-395.509888899
S66x8/36-150,-395.5093282621
S66x8/36-200,-395.5089065369
S66x8/37-A,-196.5420972171
S66x8/37-B,-197.7545303412
S66x8/37-090,-394.2989117494
S66x8/37-095,-394.2995974023
S66x8/37-100,-394.299510637
S66x8/37-105,-394.2991648436
S66x8/37-110,-394.298829814
S66x8/37-125,-394.2979905263
S66x8/37-150,-394.2972691579
S66x8/37-200,-394.2966656931
S66x8/38-A,-196.5420789374
S66x8/38-B,-196.5420915525
S66x8/38-090,-393.0872150226
S66x8/38-095,-393.0878433512
S66x8/38-100,-393.0876205278
S66x8/38-105,-393.0871075513
S66x8/38-110,-393.0866836025
S66x8/38-125,-393.0857294946
S66x8/38-150,-393.0849369168
S66x8/38-200,-393.084257085
S66x8/39-A,-232.2463579809
S66x8/39-B,-196.5420559643
S66x8/39-090,-428.7921530811
S66x8/39-095,-428.7936027253
S66x8/39-100,-428.7937342929
S66x8/39-105,-428.793144262
S66x8/39-110,-428.7923451747
S66x8/39-125,-428.7904928415
S66x8/39-150,-428.7892354574
S66x8/39-200,-428.7884754296
S66x8/40-A,-232.2463452998
S66x8/40-B,-197.7544993035
S66x8/40-090,-430.0035318522
S66x8/40-095,-430.0046218881
S66x8/40-100,-430.004781981
S66x8/40-105,-430.0043180078
S66x8/40-110,-430.0038228228
S66x8/40-125,-430.0024992905
S66x8/40-150,-430.0016167546
S66x8/40-200,-430.0009536956
S66x8/41-A,-414.8611657081
S66x8/41-B,-197.7489028275
S66x8/41-090,-612.6171851171
S66x8/41-095,-612.6178171987
S66x8/41-100,-612.6172123861
S66x8/41-105,-612.61626696
S66x8/41-110,-612.6150194651
S66x8/41-125,-612.6124825968
S66x8/41-150,-612.6109350759
S66x8/41-200,-612.6101231949
S66x8/42-A,-414.8611800827
S66x8/42-B,-196.5420538606
S66x8/42-090,-611.4083367892
S66x8/42-095,-611.4092769194
S66x8/42-100,-611.4088653926
S66x8/42-105,-611.4080509373
S66x8/42-110,-611.4071778831
S66x8/42-125,-611.4053648114
S66x8/42-150,-611.4041613692
S66x8/42-200,-611.4033224838
S66x8/43-A,-414.8612290426
S66x8/43-B,-197.7545447043
S66x8/43-090,-612.6202913663
S66x8/43-095,-612.6209512603
S66x8/43-100,-612.6206469619
S66x8/43-105,-612.6199544452
S66x8/43-110,-612.6192198938
S66x8/43-125,-612.6176347593
S66x8/43-150,-612.6164527753
S66x8/43-200,-612.6156554566
S66x8/44-A,-78.5808427629
S66x8/44-B,-197.7488007831
S66x8/44-090,-276.3329871526
S66x8/44-095,-276.3329532798
S66x8/44-100,-276.3326036225
S66x8/44-105,-276.3322009821
S66x8/44-110,-276.3317847367
S66x8/44-125,-276.3310991364
S66x8/44-150,-276.3304018439
S66x8/44-200,-276.3299037144
S66x8/45-A,-77.3320948285
S66x8/45-B,-197.7488779684
S66x8/45-090,-275.083170677
S66x8/45-095,-275.0835783806
S66x8/45-100,-275.0834473625
S66x8/45-105,-275.083134835
S66x8/45-110,-275.0827574314
S66x8/45-125,-275.0819851907
S66x8/45-150,-275.0813411169
S66x8/45-200,-275.0808321065
S66x8/46-A,-248.5340139975
S66x8/46-B,-197.7488945903
S66x8/46-090,-446.290080875
S66x8/46-095,-446.2899953318
S66x8/46-100,-446.2894080167
S66x8/46-105,-446.2886141842
S66x8/46-110,-446.2877111135
S66x8/46-125,-446.2858723883
S66x8/46-150,-446.2842561425
S66x8/46-200,-446.2831109082
S66x8/47-A,-232.2463342044
S66x8/47-B,-232.2462253406
S66x8/47-090,-464.494803134
S66x8/47-095,-464.4961754714
S66x8/47-100,-464.4964162636
S66x8/47-105,-464.4962106651
S66x8/47-110,-464.4957125411
S66x8/47-125,-464.4945064534
S66x8/47-150,-464.4935330339
S66x8/47-200,-464.49282123
S66x8/48-A,-248.2873834525
S66x8/48-B,-248.2873201366
S66x8/48-090,-496.5784518048
S66x8/48-095,-496.5794962876
S66x8/48-100,-496.5796479797
S66x8/48-105,-496.5793211068
S66x8/48-110,-496.5787334098
S66x8/48-125,-496.577337825
S66x8/48-150,-496.5761525713
S66x8/48-200,-496.5751472891
S66x8/49-A,-232.2463320155
S66x8/49-B,-248.2873716358
S66x8/49-090,-480.5366129033
S66x8/49-095,-480.5380609971
S66x8/49-100,-480.5382674795
S66x8/49-105,-480.5380334593
S66x8/49-110,-480.5375153028
S66x8/49-125,-480.5361299935
S66x8/49-150,-480.5349638865
S66x8/49-200,-480.5340547081
S66x8/50-A,-232.2463265558
S66x8/50-B,-77.3321583001
S66x8/50-090,-309.5815294257
S66x8/50-095,-309.5825858427
S66x8/50-100,-309.5827694577
S66x8/50-105,-309.582396234
S66x8/50-110,-309.5819976355
S66x8/50-125,-309.5807301182
S66x8/50-150,-309.579590612
S66x8/50-200,-309.5786346913
S66x8/51-A,-77.3321087351
S66x8/51-B,-77.3321757343
S66x8/51-090,-154.6659403719
S66x8/51-095,-154.6663011714
S66x8/51-100,-154.6663721273
S66x8/51-105,-154.6662454454
S66x8/51-110,-154.6660725242
S66x8/51-125,-154.6655612226
S66x8/51-150,-154.664959206
S66x8/51-200,-154.6644013621
S66x8/52-A,-232.246327329
S66x8/52-B,-229.1083463243
S66x8/52-090,-461.3613117838
S66x8/52-095,-461.3621987529
S66x8/52-100,-461.362244036
S66x8/52-105,-461.3618077127
S66x8/52-110,-461.3611745529
S66x8/52-125,-461.3591134628
S66x8/52-150,-461.3570349173
S66x8/52-200,-461.3553712224
S66x8/53-A,-232.2463363233
S66x8/53-B,-209.229584444
S66x8/53-090,-441.4818842522
S66x8/53-095,-441.4825837831
S66x8/53-100,-441.4826004622
S66x8/53-105,-441.4822279039
S66x8/53-110,-441.4816813323
S66x8/53-125,-441.480006213
S66x8/53-150,-441.4781649587
S66x8/53-200,-441.4764851318
S66x8/54-A,-232.2463119514
S66x8/54-B,-76.4359882136
S66x8/54-090,-308.6878791376
S66x8/54-095,-308.6883126488
S66x8/54-100,-308.6881358648
S66x8/54-105,-308.6877028328
S66x8/54-110,-308.6871446015
S66x8/54-125,-308.6856505072
S66x8/54-150,-308.6841802947
S66x8/54-200,-308.682886078
S66x8/55-A,-232.2462908672
S66x8/55-B,-115.7277942229
S66x8/55-090,-347.9803971011
S66x8/55-095,-347.9811607453
S66x8/55-100,-347.9810455105
S66x8/55-105,-347.9805904193
S66x8/55-110,-347.9799884414
S66x8/55-125,-347.978130421
S66x8/55-150,-347.9763323833
S66x8/55-200,-347.9747882902
S66x8/56-A,-232.2463325953
S66x8/56-B,-95.8544813495
S66x8/56-090,-328.1053164297
S66x8/56-095,-328.106022068
S66x8/56-100,-328.1059686569
S66x8/56-105,-328.1054838915
S66x8/56-110,-328.104881912
S66x8/56-125,-328.1033451526
S66x8/56-150,-328.1020687904
S66x8/56-200,-328.1011108179
S66x8/57-A,-232.2462901143
S66x8/57-B,-248.5339707781
S66x8/57-090,-480.7865745107
S66x8/57-095,-480.7883433575
S66x8/57-100,-480.7884842968
S66x8/57-105,-480.7879043771
S66x8/57-110,-480.7870664705
S66x8/57-125,-480.7847028375
S66x8/57-150,-480.7826387627
S66x8/57-200,-480.7810341434
S66x8/58-A,-248.2873587291
S66x8/58-B,-248.2872881616
S66x8/58-090,-496.5780493541
S66x8/58-095,-496.5797255377
S66x8/58-100,-496.5801456167
S66x8/58-105,-496.5796946679
S66x8/58-110,-496.5789820485
S66x8/58-125,-496.5774081621
S66x8/58-150,-496.5760457597
S66x8/58-200,-496.5749968207
S66x8/59-A,-77.3322139598
S66x8/59-B,-76.4360586152
S66x8/59-090,-153.7722874424
S66x8/59-095,-153.7726478529
S66x8/59-100,-153.7726569021
S66x8/59-105,-153.7724783501
S66x8/59-110,-153.7721737079
S66x8/59-125,-153.7712386756
S66x8/59-150,-153.7700427474
S66x8/59-200,-153.7687930758
S66x8/60-A,-77.3320841972
S66x8/60-B,-229.108333041
S66x8/60-090,-306.4479762569
S66x8/60-095,-306.4486743087
S66x8/60-100,-306.4486203774
S66x8/60-105,-306.448198339
S66x8/60-110,-306.447556763
S66x8/60-125,-306.4454036558
S66x8/60-150,-306.443060816
S66x8/60-200,-306.4411817006
S66x8/61-A,-197.7489179308
S66x8/61-B,-229.1083977134
S66x8/61-090,-426.8618083102
S66x8/61-095,-426.8616983959
S66x8/61-100,-426.8613261288
S66x8/61-105,-426.860835158
S66x8/61-110,-426.860324259
S66x8/61-125,-426.8592944864
S66x8/61-150,-426.8581948952
S66x8/61-200,-426.8574169043
S66x8/62-A,-197.7489073453
S66x8/62-B,-209.2296341495
S66x8/62-090,-406.9841358173
S66x8/62-095,-406.9840706116
S66x8/62-100,-406.9836524072
S66x8/62-105,-406.9830020296
S66x8/62-110,-406.9823188671
S66x8/62-125,-406.9809503373
S66x8/62-150,-406.9797670507
S66x8/62-200,-406.9787623637
S66x8/63-A,-232.2463684953
S66x8/63-B,-229.1083211022
S66x8/63-090,-461.3598300832
S66x8/63-095,-461.3608192485
S66x8/63-100,-461.3607309182
S66x8/63-105,-461.3600916519
S66x8/63-110,-461.3592440319
S66x8/63-125,-461.3573553309
S66x8/63-150,-461.3558904923
S66x8/63-200,-461.3548761858
S66x8/64-A,-248.5340350332
S66x8/64-B,-78.5808870968
S66x8/64-090,-327.1193205112
S66x8/64-095,-327.1195541872
S66x8/64-100,-327.1193230917
S66x8/64-105,-327.1189047872
S66x8/64-110,-327.1184239772
S66x8/64-125,-327.1172630234
S66x8/64-150,-327.1160696668
S66x8/64-200,-327.115054075
S66x8/65-A,-248.2874279221
S66x8/65-B,-77.3315495623
S66x8/65-090,-325.624360646
S66x8/65-095,-325.6249601411
S66x8/65-100,-325.6250942826
S66x8/65-105,-325.6249388134
S66x8/65-110,-325.6246049125
S66x8/65-125,-325.6233745993
S66x8/65-150,-325.621855285
S66x8/65-200,-325.62039033
S66x8/66-A,-95.8544590641
S66x8/66-B,-248.2874092121
S66x8/66-090,-344.1474307234
S66x8/66-095,-344.1479158708
S66x8/66-100,-344.1478693318
S66x8/66-105,-344.1474715205
S66x8/66-110,-344.1469452617
S66x8/66-125,-344.1453331793
S66x8/66-150,-344.1438041602
S66x8/66-200,-344.1424768219
NCIBLIND10/01-A,-232.2438694364
NCIBLIND10/01-B,-40.5060116464
NCIBLIND10/01-1,-272.7501181906
NCIBLIND10/01-2,-272.7519742016
NCIBLIND10/01-3,-272.7506560209
NCIBLIND10/01-4,-272.7501498275
NCIBLIND10/01-5,-272.7499469487
NCIBLIND10/01-6,-272.7499008349
NCIBLIND10/01-7,-272.7498894826
NCIBLIND10/02-A,-232.2455883917
NCIBLIND10/02-B,-76.435808096
NCIBLIND10/02-1,-308.6750769566
NCIBLIND10/02-2,-308.6875839722
NCIBLIND10/02-3,-308.6864334098
NCIBLIND10/02-4,-308.6845879511
NCIBLIND10/02-5,-308.6835305731
NCIBLIND10/02-6,-308.6828056027
NCIBLIND10/02-7,-308.6820277097
NCIBLIND10/02-8,-308.6817374168
NCIBLIND10/02-9,-308.6816070528
NCIBLIND10/03-A,-155.042975337
NCIBLIND10/03-B,-155.0429668247
NCIBLIND10/03-1,-310.0891831976
NCIBLIND10/03-2,-310.0904956496
NCIBLIND10/03-3,-310.0878278899
NCIBLIND10/03-4,-310.0866403739
NCIBLIND10/03-5,-310.086196491
NCIBLIND10/03-6,-310.0860650761
NCIBLIND10/03-7,-310.0860189961
NCIBLIND10/04-A,-599.5399534638
NCIBLIND10/04-B,-599.5415964348
NCIBLIND10/04-1,-1199.0973341698
NCIBLIND10/04-2,-1199.1021315701
NCIBLIND10/04-3,-1199.093689605
NCIBLIND10/04-4,-1199.0877006564
NCIBLIND10/04-5,-1199.0848581425
NCIBLIND10/04-6,-1199.0833948182
NCIBLIND10/04-7,-1199.0826046488
NCIBLIND10/04-8,-1199.0821805806
NCIBLIND10/05-A,-598.3745115144
NCIBLIND10/05-B,-598.3745658609
NCIBLIND10/05-1,-1196.7669690063
NCIBLIND10/05-2,-1196.7691102585
NCIBLIND10/05-3,-1196.761174695
NCIBLIND10/05-4,-1196.7561318111
NCIBLIND10/05-5,-1196.753614264
NCIBLIND10/05-6,-1196.7522485358
NCIBLIND10/06-A,-226.2282377359
NCIBLIND10/06-B,-226.2292798244
NCIBLIND10/06-1,-452.4659821926
NCIBLIND10/06-2,-452.4722851859
NCIBLIND10/06-3,-452.4654306752
NCIBLIND10/06-4,-452.4613431339
NCIBLIND10/06-5,-452.459599552
NCIBLIND10/06-6,-452.4587884434
NCIBLIND10/06-7,-452.458365545
NCIBLIND10/07-A,-229.0806048407
NCIBLIND10/07-B,-229.0810019514
NCIBLIND10/07-1,-458.1661484248
NCIBLIND10/07-2,-458.1666195511
NCIBLIND10/07-3,-458.1638998911
NCIBLIND10/07-4,-458.1624442666
NCIBLIND10/07-5,-458.1619173942
NCIBLIND10/07-6,-458.161739164
NCIBLIND10/08-A,-436.7702120813
NCIBLIND10/08-B,-436.7702120479
NCIBLIND10/08-1,-873.5419416049
NCIBLIND10/08-2,-873.5521734707
NCIBLIND10/08-3,-873.5453832095
NCIBLIND10/08-4,-873.5425916948
NCIBLIND10/08-5,-873.5415337277
NCIBLIND10/08-6,-873.5411582996
NCIBLIND10/08-7,-873.5410505308
NCIBLIND10/09-A,-245.0263282883
NCIBLIND10/09-B,-245.0262312059
NCIBLIND10/09-1,-490.0604055468
NCIBLIND10/09-2,-490.064036733
NCIBLIND10/09-3,-490.0579818595
NCIBLIND10/09-4,-490.0551424234
NCIBLIND10/09-5,-490.0539283658
NCIBLIND10/09-6,-490.0534030033
NCIBLIND10/09-7,-490.0531264556
NCIBLIND10/10-A,-76.4359823444
NCIBLIND10/10-B,-76.4360164749
NCIBLIND10/10-1,-152.8601338308
NCIBLIND10/10-2,-152.8775415284
NCIBLIND10/10-3,-152.8804417163
NCIBLIND10/10-4,-152.8792774367
NCIBLIND10/10-5,-152.8775152718
NCIBLIND10/10-6,-152.8754431427
NCIBLIND10/10-7,-152.8742857239
NCIBLIND10/10-8,-152.873526126
NCIBLIND10/10-9,-152.8730538856
NCIBLIND10/10-10,-152.8727620882
NCIBLIND10/10-11,-152.8725770518
NCIBLIND10/10-12,-152.8724531479
NCIBLIND10/10-13,-152.8723667996
NCIBLIND10/10-14,-152.8723028988
NCIBLIND10/10-15,-152.8722546869
NCIBLIND10/10-16,-152.8722175256
